
output-CWLITEARM.elf:     file format elf32-littlearm

Sections:
Idx Name          Size      VMA       LMA       File off  Algn
  0 .isr_vector   00000188  08000000  08000000  00001000  2**0
                  CONTENTS, ALLOC, LOAD, READONLY, DATA
  1 .text         000011c0  08000188  08000188  00001188  2**2
                  CONTENTS, ALLOC, LOAD, READONLY, CODE
  2 .rodata       00000010  08001348  08001348  00002348  2**0
                  CONTENTS, ALLOC, LOAD, READONLY, DATA
  3 .ARM.extab    00000000  08001358  08001358  00002360  2**0
                  CONTENTS
  4 .ARM          00000000  08001358  08001358  00002360  2**0
                  CONTENTS
  5 .preinit_array 00000000  08001358  08001360  00002360  2**0
                  CONTENTS, ALLOC, LOAD, DATA
  6 .init_array   00000004  08001358  08001358  00002358  2**2
                  CONTENTS, ALLOC, LOAD, DATA
  7 .fini_array   00000004  0800135c  0800135c  0000235c  2**2
                  CONTENTS, ALLOC, LOAD, DATA
  8 .data         00000000  20000000  20000000  00002360  2**0
                  CONTENTS, ALLOC, LOAD, DATA
  9 .bss          00000298  20000000  08001360  00003000  2**2
                  ALLOC
 10 ._user_heap_stack 00000400  20000298  08001360  00003298  2**0
                  ALLOC
 11 .ARM.attributes 0000002a  00000000  00000000  00002360  2**0
                  CONTENTS, READONLY
 12 .comment      00000026  00000000  00000000  0000238a  2**0
                  CONTENTS, READONLY
 13 .debug_info   0000415c  00000000  00000000  000023b0  2**0
                  CONTENTS, READONLY, DEBUGGING, OCTETS
 14 .debug_abbrev 00000c13  00000000  00000000  0000650c  2**0
                  CONTENTS, READONLY, DEBUGGING, OCTETS
 15 .debug_loc    000023e3  00000000  00000000  0000711f  2**0
                  CONTENTS, READONLY, DEBUGGING, OCTETS
 16 .debug_aranges 000001c0  00000000  00000000  00009502  2**0
                  CONTENTS, READONLY, DEBUGGING, OCTETS
 17 .debug_ranges 000004a0  00000000  00000000  000096c2  2**0
                  CONTENTS, READONLY, DEBUGGING, OCTETS
 18 .debug_line   000023e8  00000000  00000000  00009b62  2**0
                  CONTENTS, READONLY, DEBUGGING, OCTETS
 19 .debug_str    00001442  00000000  00000000  0000bf4a  2**0
                  CONTENTS, READONLY, DEBUGGING, OCTETS
 20 .debug_frame  000004a4  00000000  00000000  0000d38c  2**2
                  CONTENTS, READONLY, DEBUGGING, OCTETS
 21 .stab         00000144  00000000  00000000  0000d830  2**2
                  CONTENTS, READONLY, DEBUGGING
 22 .stabstr      00000046  00000000  00000000  0000d974  2**0
                  CONTENTS, READONLY, DEBUGGING
 23 .debug_loclists 00000065  00000000  00000000  0000d9ba  2**0
                  CONTENTS, READONLY, DEBUGGING, OCTETS

Disassembly of section .text:

08000188 <deregister_tm_clones>:
 8000188:	4803      	ldr	r0, [pc, #12]	@ (8000198 <deregister_tm_clones+0x10>)
 800018a:	4b04      	ldr	r3, [pc, #16]	@ (800019c <deregister_tm_clones+0x14>)
 800018c:	4283      	cmp	r3, r0
 800018e:	d002      	beq.n	8000196 <deregister_tm_clones+0xe>
 8000190:	4b03      	ldr	r3, [pc, #12]	@ (80001a0 <deregister_tm_clones+0x18>)
 8000192:	b103      	cbz	r3, 8000196 <deregister_tm_clones+0xe>
 8000194:	4718      	bx	r3
 8000196:	4770      	bx	lr
 8000198:	20000000 	.word	0x20000000
 800019c:	20000000 	.word	0x20000000
 80001a0:	00000000 	.word	0x00000000

080001a4 <register_tm_clones>:
 80001a4:	4805      	ldr	r0, [pc, #20]	@ (80001bc <register_tm_clones+0x18>)
 80001a6:	4b06      	ldr	r3, [pc, #24]	@ (80001c0 <register_tm_clones+0x1c>)
 80001a8:	1a1b      	subs	r3, r3, r0
 80001aa:	0fd9      	lsrs	r1, r3, #31
 80001ac:	eb01 01a3 	add.w	r1, r1, r3, asr #2
 80001b0:	1049      	asrs	r1, r1, #1
 80001b2:	d002      	beq.n	80001ba <register_tm_clones+0x16>
 80001b4:	4b03      	ldr	r3, [pc, #12]	@ (80001c4 <register_tm_clones+0x20>)
 80001b6:	b103      	cbz	r3, 80001ba <register_tm_clones+0x16>
 80001b8:	4718      	bx	r3
 80001ba:	4770      	bx	lr
 80001bc:	20000000 	.word	0x20000000
 80001c0:	20000000 	.word	0x20000000
 80001c4:	00000000 	.word	0x00000000

080001c8 <__do_global_dtors_aux>:
 80001c8:	b510      	push	{r4, lr}
 80001ca:	4c06      	ldr	r4, [pc, #24]	@ (80001e4 <__do_global_dtors_aux+0x1c>)
 80001cc:	7823      	ldrb	r3, [r4, #0]
 80001ce:	b943      	cbnz	r3, 80001e2 <__do_global_dtors_aux+0x1a>
 80001d0:	f7ff ffda 	bl	8000188 <deregister_tm_clones>
 80001d4:	4b04      	ldr	r3, [pc, #16]	@ (80001e8 <__do_global_dtors_aux+0x20>)
 80001d6:	b113      	cbz	r3, 80001de <__do_global_dtors_aux+0x16>
 80001d8:	4804      	ldr	r0, [pc, #16]	@ (80001ec <__do_global_dtors_aux+0x24>)
 80001da:	f3af 8000 	nop.w
 80001de:	2301      	movs	r3, #1
 80001e0:	7023      	strb	r3, [r4, #0]
 80001e2:	bd10      	pop	{r4, pc}
 80001e4:	20000000 	.word	0x20000000
 80001e8:	00000000 	.word	0x00000000
 80001ec:	08001330 	.word	0x08001330

080001f0 <frame_dummy>:
 80001f0:	b508      	push	{r3, lr}
 80001f2:	4b04      	ldr	r3, [pc, #16]	@ (8000204 <frame_dummy+0x14>)
 80001f4:	b11b      	cbz	r3, 80001fe <frame_dummy+0xe>
 80001f6:	4904      	ldr	r1, [pc, #16]	@ (8000208 <frame_dummy+0x18>)
 80001f8:	4804      	ldr	r0, [pc, #16]	@ (800020c <frame_dummy+0x1c>)
 80001fa:	f3af 8000 	nop.w
 80001fe:	e8bd 4008 	ldmia.w	sp!, {r3, lr}
 8000202:	e7cf      	b.n	80001a4 <register_tm_clones>
 8000204:	00000000 	.word	0x00000000
 8000208:	20000004 	.word	0x20000004
 800020c:	08001330 	.word	0x08001330

08000210 <__libc_init_array>:
 8000210:	b570      	push	{r4, r5, r6, lr}
 8000212:	4b0f      	ldr	r3, [pc, #60]	@ (8000250 <__libc_init_array+0x40>)
 8000214:	4d0f      	ldr	r5, [pc, #60]	@ (8000254 <__libc_init_array+0x44>)
 8000216:	42ab      	cmp	r3, r5
 8000218:	eba3 0605 	sub.w	r6, r3, r5
 800021c:	d007      	beq.n	800022e <__libc_init_array+0x1e>
 800021e:	10b6      	asrs	r6, r6, #2
 8000220:	2400      	movs	r4, #0
 8000222:	f855 3b04 	ldr.w	r3, [r5], #4
 8000226:	3401      	adds	r4, #1
 8000228:	4798      	blx	r3
 800022a:	42a6      	cmp	r6, r4
 800022c:	d8f9      	bhi.n	8000222 <__libc_init_array+0x12>
 800022e:	f001 f87f 	bl	8001330 <_init>
 8000232:	4d09      	ldr	r5, [pc, #36]	@ (8000258 <__libc_init_array+0x48>)
 8000234:	4b09      	ldr	r3, [pc, #36]	@ (800025c <__libc_init_array+0x4c>)
 8000236:	1b5e      	subs	r6, r3, r5
 8000238:	42ab      	cmp	r3, r5
 800023a:	ea4f 06a6 	mov.w	r6, r6, asr #2
 800023e:	d006      	beq.n	800024e <__libc_init_array+0x3e>
 8000240:	2400      	movs	r4, #0
 8000242:	f855 3b04 	ldr.w	r3, [r5], #4
 8000246:	3401      	adds	r4, #1
 8000248:	4798      	blx	r3
 800024a:	42a6      	cmp	r6, r4
 800024c:	d8f9      	bhi.n	8000242 <__libc_init_array+0x32>
 800024e:	bd70      	pop	{r4, r5, r6, pc}
 8000250:	08001358 	.word	0x08001358
 8000254:	08001358 	.word	0x08001358
 8000258:	08001358 	.word	0x08001358
 800025c:	0800135c 	.word	0x0800135c

08000260 <v_func>:
#include "simpleserial.h"
#include <stdint.h>
#include <stdlib.h>

uint8_t v_func(uint8_t* msg, uint8_t len)
{
 8000260:	b537      	push	{r0, r1, r2, r4, r5, lr}
    uint8_t res = 255;
 8000262:	23ff      	movs	r3, #255	@ 0xff
    if(len != 9) {
 8000264:	2909      	cmp	r1, #9
{
 8000266:	4605      	mov	r5, r0
    uint8_t res = 255;
 8000268:	f88d 3007 	strb.w	r3, [sp, #7]
    if(len != 9) {
 800026c:	d008      	beq.n	8000280 <v_func+0x20>
    trigger_low(); 

    
    res = res ? 'N' : 'Y'; // I switched the order here
    /* < send back result > */
    simpleserial_put('r', 1, &res); 
 800026e:	f10d 0207 	add.w	r2, sp, #7
 8000272:	2101      	movs	r1, #1
 8000274:	2072      	movs	r0, #114	@ 0x72
 8000276:	f000 f9a9 	bl	80005cc <simpleserial_put>
    return 0x00;
}
 800027a:	2000      	movs	r0, #0
 800027c:	b003      	add	sp, #12
 800027e:	bd30      	pop	{r4, r5, pc}
    trigger_high(); 
 8000280:	f000 fa4a 	bl	8000718 <trigger_high>
    for(int i=0; i<len; i++) {
 8000284:	2100      	movs	r1, #0
    uint8_t sum = 0;
 8000286:	460a      	mov	r2, r1
        num = num % 10 + num / 10;  //<===
 8000288:	240a      	movs	r4, #10
        uint8_t num = (msg[i] - '0');
 800028a:	5c6b      	ldrb	r3, [r5, r1]
        num *= i % 2 + 1;  //<=== I added +1 here
 800028c:	f001 0001 	and.w	r0, r1, #1
        uint8_t num = (msg[i] - '0');
 8000290:	3b30      	subs	r3, #48	@ 0x30
        num *= i % 2 + 1;  //<=== I added +1 here
 8000292:	fb03 3300 	mla	r3, r3, r0, r3
 8000296:	f003 03ff 	and.w	r3, r3, #255	@ 0xff
        num = num % 10 + num / 10;  //<===
 800029a:	fbb3 f0f4 	udiv	r0, r3, r4
 800029e:	fb04 3310 	mls	r3, r4, r0, r3
 80002a2:	fa50 f383 	uxtab	r3, r0, r3
    for(int i=0; i<len; i++) {
 80002a6:	3101      	adds	r1, #1
        sum += num;
 80002a8:	441a      	add	r2, r3
    for(int i=0; i<len; i++) {
 80002aa:	2909      	cmp	r1, #9
        sum += num;
 80002ac:	b2d2      	uxtb	r2, r2
    for(int i=0; i<len; i++) {
 80002ae:	d1ec      	bne.n	800028a <v_func+0x2a>
    res = sum % 10 != 0;  //<===
 80002b0:	fbb2 f3f4 	udiv	r3, r2, r4
 80002b4:	fb04 2213 	mls	r2, r4, r3, r2
 80002b8:	b2d2      	uxtb	r2, r2
 80002ba:	3a00      	subs	r2, #0
 80002bc:	bf18      	it	ne
 80002be:	2201      	movne	r2, #1
 80002c0:	f88d 2007 	strb.w	r2, [sp, #7]
    trigger_low(); 
 80002c4:	f000 fa2f 	bl	8000726 <trigger_low>
    res = res ? 'N' : 'Y'; // I switched the order here
 80002c8:	f89d 3007 	ldrb.w	r3, [sp, #7]
 80002cc:	2b00      	cmp	r3, #0
 80002ce:	bf0c      	ite	eq
 80002d0:	2359      	moveq	r3, #89	@ 0x59
 80002d2:	234e      	movne	r3, #78	@ 0x4e
 80002d4:	f88d 3007 	strb.w	r3, [sp, #7]
 80002d8:	e7c9      	b.n	800026e <v_func+0xe>

080002da <f_func>:

uint8_t f_func(uint8_t* msg, uint8_t len)
{
 80002da:	b537      	push	{r0, r1, r2, r4, r5, lr}
    uint8_t res = 255;
 80002dc:	23ff      	movs	r3, #255	@ 0xff
    if(len != 8) {
 80002de:	2908      	cmp	r1, #8
{
 80002e0:	4605      	mov	r5, r0
    uint8_t res = 255;
 80002e2:	f88d 3007 	strb.w	r3, [sp, #7]
    if(len != 8) {
 80002e6:	d008      	beq.n	80002fa <f_func+0x20>
    trigger_low(); 

    
    res += '0';
    /* < send back result > */
    simpleserial_put('r', 1, &res);
 80002e8:	f10d 0207 	add.w	r2, sp, #7
 80002ec:	2101      	movs	r1, #1
 80002ee:	2072      	movs	r0, #114	@ 0x72
 80002f0:	f000 f96c 	bl	80005cc <simpleserial_put>
    return 0x00;
}
 80002f4:	2000      	movs	r0, #0
 80002f6:	b003      	add	sp, #12
 80002f8:	bd30      	pop	{r4, r5, pc}
    trigger_high(); 
 80002fa:	f000 fa0d 	bl	8000718 <trigger_high>
    for(int i=0; i<len; i++) {
 80002fe:	2100      	movs	r1, #0
    uint8_t sum = 0;
 8000300:	460a      	mov	r2, r1
        num = num % 10 + num / 10;
 8000302:	240a      	movs	r4, #10
        uint8_t num = (msg[i] - '0');
 8000304:	5c6b      	ldrb	r3, [r5, r1]
        num *= i % 2 + 1;
 8000306:	f001 0001 	and.w	r0, r1, #1
        uint8_t num = (msg[i] - '0');
 800030a:	3b30      	subs	r3, #48	@ 0x30
        num *= i % 2 + 1;
 800030c:	fb03 3300 	mla	r3, r3, r0, r3
 8000310:	f003 03ff 	and.w	r3, r3, #255	@ 0xff
        num = num % 10 + num / 10;
 8000314:	fbb3 f0f4 	udiv	r0, r3, r4
 8000318:	fb04 3310 	mls	r3, r4, r0, r3
 800031c:	fa50 f383 	uxtab	r3, r0, r3
    for(int i=0; i<len; i++) {
 8000320:	3101      	adds	r1, #1
        sum += num;
 8000322:	441a      	add	r2, r3
    for(int i=0; i<len; i++) {
 8000324:	2908      	cmp	r1, #8
        sum += num;
 8000326:	b2d2      	uxtb	r2, r2
    for(int i=0; i<len; i++) {
 8000328:	d1ec      	bne.n	8000304 <f_func+0x2a>
    res = (200-sum) % 10;  //<===
 800032a:	f1c2 02c8 	rsb	r2, r2, #200	@ 0xc8
 800032e:	fb92 f3f4 	sdiv	r3, r2, r4
 8000332:	fb04 2213 	mls	r2, r4, r3, r2
 8000336:	f88d 2007 	strb.w	r2, [sp, #7]
    trigger_low(); 
 800033a:	f000 f9f4 	bl	8000726 <trigger_low>
    res += '0';
 800033e:	f89d 3007 	ldrb.w	r3, [sp, #7]
 8000342:	3330      	adds	r3, #48	@ 0x30
 8000344:	f88d 3007 	strb.w	r3, [sp, #7]
 8000348:	e7ce      	b.n	80002e8 <f_func+0xe>
 800034a:	0000      	movs	r0, r0

0800034c <main>:

int main(void)
{
 800034c:	b508      	push	{r3, lr}
    platform_init();
 800034e:	f000 f941 	bl	80005d4 <platform_init>
    init_uart();
 8000352:	f000 f97f 	bl	8000654 <init_uart>
    trigger_setup();
 8000356:	f000 f9bb 	bl	80006d0 <trigger_setup>
	simpleserial_init();
 800035a:	f000 f8c3 	bl	80004e4 <simpleserial_init>
    
    simpleserial_addcmd('a', 9, v_func);
 800035e:	4a06      	ldr	r2, [pc, #24]	@ (8000378 <main+0x2c>)
 8000360:	2109      	movs	r1, #9
 8000362:	2061      	movs	r0, #97	@ 0x61
 8000364:	f000 f8ba 	bl	80004dc <simpleserial_addcmd>
    simpleserial_addcmd('b', 8, f_func);
 8000368:	4a04      	ldr	r2, [pc, #16]	@ (800037c <main+0x30>)
 800036a:	2108      	movs	r1, #8
 800036c:	2062      	movs	r0, #98	@ 0x62
 800036e:	f000 f8b5 	bl	80004dc <simpleserial_addcmd>
    while(1)
        simpleserial_get();
 8000372:	f000 f8cd 	bl	8000510 <simpleserial_get>
    while(1)
 8000376:	e7fc      	b.n	8000372 <main+0x26>
 8000378:	08000261 	.word	0x08000261
 800037c:	080002db 	.word	0x080002db

08000380 <check_version>:
// Callback function for "v" command.
// This can exist in v1.0 as long as we don't actually send back an ack ("z")
uint8_t check_version(uint8_t *v, uint8_t len)
{
	return SS_VER;
}
 8000380:	2001      	movs	r0, #1
 8000382:	4770      	bx	lr

08000384 <simpleserial_put.part.0>:
#if SS_VER == SS_VER_1_1
	simpleserial_put('z', 1, ret);
#endif
}

void simpleserial_put(char c, uint8_t size, uint8_t* output)
 8000384:	b5f8      	push	{r3, r4, r5, r6, r7, lr}
 8000386:	4614      	mov	r4, r2
 8000388:	460e      	mov	r6, r1
{
	// Write first character
    if (!output) return;
	putch(c);
 800038a:	f000 f9ed 	bl	8000768 <putch>

	// Write each byte as two nibbles
	for(int i = 0; i < size; i++)
	{
		putch(hex_lookup[output[i] >> 4 ]);
 800038e:	4f0c      	ldr	r7, [pc, #48]	@ (80003c0 <simpleserial_put.part.0+0x3c>)
 8000390:	1e65      	subs	r5, r4, #1
	for(int i = 0; i < size; i++)
 8000392:	f1c4 0401 	rsb	r4, r4, #1
 8000396:	1963      	adds	r3, r4, r5
 8000398:	429e      	cmp	r6, r3
 800039a:	dc04      	bgt.n	80003a6 <simpleserial_put.part.0+0x22>
		putch(hex_lookup[output[i] & 0xF]);
	}

	// Write trailing '\n'
	putch('\n');
}
 800039c:	e8bd 40f8 	ldmia.w	sp!, {r3, r4, r5, r6, r7, lr}
	putch('\n');
 80003a0:	200a      	movs	r0, #10
 80003a2:	f000 b9e1 	b.w	8000768 <putch>
		putch(hex_lookup[output[i] >> 4 ]);
 80003a6:	f815 3f01 	ldrb.w	r3, [r5, #1]!
 80003aa:	091b      	lsrs	r3, r3, #4
 80003ac:	5cf8      	ldrb	r0, [r7, r3]
 80003ae:	f000 f9db 	bl	8000768 <putch>
		putch(hex_lookup[output[i] & 0xF]);
 80003b2:	782b      	ldrb	r3, [r5, #0]
 80003b4:	f003 030f 	and.w	r3, r3, #15
 80003b8:	5cf8      	ldrb	r0, [r7, r3]
 80003ba:	f000 f9d5 	bl	8000768 <putch>
	for(int i = 0; i < size; i++)
 80003be:	e7ea      	b.n	8000396 <simpleserial_put.part.0+0x12>
 80003c0:	08001348 	.word	0x08001348

080003c4 <ss_num_commands>:
{
 80003c4:	b507      	push	{r0, r1, r2, lr}
    uint8_t ncmds = num_commands & 0xFF;
 80003c6:	4b07      	ldr	r3, [pc, #28]	@ (80003e4 <ss_num_commands+0x20>)
 80003c8:	f10d 0207 	add.w	r2, sp, #7
 80003cc:	681b      	ldr	r3, [r3, #0]
 80003ce:	f88d 3007 	strb.w	r3, [sp, #7]
    if (!output) return;
 80003d2:	2101      	movs	r1, #1
 80003d4:	2072      	movs	r0, #114	@ 0x72
 80003d6:	f7ff ffd5 	bl	8000384 <simpleserial_put.part.0>
}
 80003da:	2000      	movs	r0, #0
 80003dc:	b003      	add	sp, #12
 80003de:	f85d fb04 	ldr.w	pc, [sp], #4
 80003e2:	bf00      	nop
 80003e4:	2000001c 	.word	0x2000001c

080003e8 <ss_get_commands>:
{
 80003e8:	b570      	push	{r4, r5, r6, lr}
    for (uint8_t i = 0; i < (num_commands & 0xFF); i++) {
 80003ea:	4c12      	ldr	r4, [pc, #72]	@ (8000434 <ss_get_commands+0x4c>)
 80003ec:	6821      	ldr	r1, [r4, #0]
{
 80003ee:	b098      	sub	sp, #96	@ 0x60
    for (uint8_t i = 0; i < (num_commands & 0xFF); i++) {
 80003f0:	b2cd      	uxtb	r5, r1
 80003f2:	2000      	movs	r0, #0
 80003f4:	b2c3      	uxtb	r3, r0
 80003f6:	42ab      	cmp	r3, r5
 80003f8:	f100 0001 	add.w	r0, r0, #1
 80003fc:	db09      	blt.n	8000412 <ss_get_commands+0x2a>
    simpleserial_put('r', num_commands * sizeof (ss_cmd_repr), (void *) repr_cmd_buf);
 80003fe:	eb01 0141 	add.w	r1, r1, r1, lsl #1
 8000402:	466a      	mov	r2, sp
 8000404:	b2c9      	uxtb	r1, r1
 8000406:	2072      	movs	r0, #114	@ 0x72
 8000408:	f7ff ffbc 	bl	8000384 <simpleserial_put.part.0>
}
 800040c:	2000      	movs	r0, #0
 800040e:	b018      	add	sp, #96	@ 0x60
 8000410:	bd70      	pop	{r4, r5, r6, pc}
        repr_cmd_buf[i].c = commands[i].c;
 8000412:	eb03 0243 	add.w	r2, r3, r3, lsl #1
 8000416:	3260      	adds	r2, #96	@ 0x60
 8000418:	eb04 1303 	add.w	r3, r4, r3, lsl #4
 800041c:	446a      	add	r2, sp
 800041e:	791e      	ldrb	r6, [r3, #4]
 8000420:	f802 6c60 	strb.w	r6, [r2, #-96]
        repr_cmd_buf[i].len = commands[i].len;
 8000424:	689e      	ldr	r6, [r3, #8]
        repr_cmd_buf[i].flags = commands[i].flags;
 8000426:	7c1b      	ldrb	r3, [r3, #16]
        repr_cmd_buf[i].len = commands[i].len;
 8000428:	f802 6c5f 	strb.w	r6, [r2, #-95]
        repr_cmd_buf[i].flags = commands[i].flags;
 800042c:	f802 3c5e 	strb.w	r3, [r2, #-94]
    for (uint8_t i = 0; i < (num_commands & 0xFF); i++) {
 8000430:	e7e0      	b.n	80003f4 <ss_get_commands+0xc>
 8000432:	bf00      	nop
 8000434:	2000001c 	.word	0x2000001c

08000438 <hex_decode>:
{
 8000438:	b5f0      	push	{r4, r5, r6, r7, lr}
	for(int i = 0; i < len; i++)
 800043a:	2500      	movs	r5, #0
		char n_lo = ascii_buf[2*i+1];
 800043c:	1c4f      	adds	r7, r1, #1
	for(int i = 0; i < len; i++)
 800043e:	4285      	cmp	r5, r0
 8000440:	db01      	blt.n	8000446 <hex_decode+0xe>
	return 0;
 8000442:	2000      	movs	r0, #0
 8000444:	e021      	b.n	800048a <hex_decode+0x52>
		char n_lo = ascii_buf[2*i+1];
 8000446:	f817 4015 	ldrb.w	r4, [r7, r5, lsl #1]
		char n_hi = ascii_buf[2*i];
 800044a:	f811 3015 	ldrb.w	r3, [r1, r5, lsl #1]
		if(n_lo >= '0' && n_lo <= '9')
 800044e:	f1a4 0630 	sub.w	r6, r4, #48	@ 0x30
 8000452:	b2f6      	uxtb	r6, r6
 8000454:	2e09      	cmp	r6, #9
 8000456:	d80c      	bhi.n	8000472 <hex_decode+0x3a>
			data_buf[i] = n_lo - '0';
 8000458:	7016      	strb	r6, [r2, #0]
		if(n_hi >= '0' && n_hi <= '9')
 800045a:	f1a3 0430 	sub.w	r4, r3, #48	@ 0x30
 800045e:	b2e4      	uxtb	r4, r4
 8000460:	2c09      	cmp	r4, #9
 8000462:	d815      	bhi.n	8000490 <hex_decode+0x58>
			data_buf[i] |= (n_hi - 'A' + 10) << 4;
 8000464:	7813      	ldrb	r3, [r2, #0]
 8000466:	ea43 1304 	orr.w	r3, r3, r4, lsl #4
			data_buf[i] |= (n_hi - 'a' + 10) << 4;
 800046a:	7013      	strb	r3, [r2, #0]
	for(int i = 0; i < len; i++)
 800046c:	3501      	adds	r5, #1
 800046e:	3201      	adds	r2, #1
 8000470:	e7e5      	b.n	800043e <hex_decode+0x6>
		else if(n_lo >= 'A' && n_lo <= 'F')
 8000472:	f1a4 0641 	sub.w	r6, r4, #65	@ 0x41
 8000476:	2e05      	cmp	r6, #5
 8000478:	d802      	bhi.n	8000480 <hex_decode+0x48>
			data_buf[i] = n_lo - 'A' + 10;
 800047a:	3c37      	subs	r4, #55	@ 0x37
			data_buf[i] = n_lo - 'a' + 10;
 800047c:	7014      	strb	r4, [r2, #0]
 800047e:	e7ec      	b.n	800045a <hex_decode+0x22>
		else if(n_lo >= 'a' && n_lo <= 'f')
 8000480:	f1a4 0661 	sub.w	r6, r4, #97	@ 0x61
 8000484:	2e05      	cmp	r6, #5
 8000486:	d901      	bls.n	800048c <hex_decode+0x54>
			return 1;
 8000488:	2001      	movs	r0, #1
}
 800048a:	bdf0      	pop	{r4, r5, r6, r7, pc}
			data_buf[i] = n_lo - 'a' + 10;
 800048c:	3c57      	subs	r4, #87	@ 0x57
 800048e:	e7f5      	b.n	800047c <hex_decode+0x44>
		else if(n_hi >= 'A' && n_hi <= 'F')
 8000490:	f1a3 0441 	sub.w	r4, r3, #65	@ 0x41
 8000494:	2c05      	cmp	r4, #5
 8000496:	d802      	bhi.n	800049e <hex_decode+0x66>
			data_buf[i] |= (n_hi - 'A' + 10) << 4;
 8000498:	f1a3 0437 	sub.w	r4, r3, #55	@ 0x37
 800049c:	e7e2      	b.n	8000464 <hex_decode+0x2c>
		else if(n_hi >= 'a' && n_hi <= 'f')
 800049e:	f1a3 0461 	sub.w	r4, r3, #97	@ 0x61
 80004a2:	2c05      	cmp	r4, #5
 80004a4:	d8f0      	bhi.n	8000488 <hex_decode+0x50>
			data_buf[i] |= (n_hi - 'a' + 10) << 4;
 80004a6:	7814      	ldrb	r4, [r2, #0]
 80004a8:	3b57      	subs	r3, #87	@ 0x57
 80004aa:	ea44 1303 	orr.w	r3, r4, r3, lsl #4
 80004ae:	e7dc      	b.n	800046a <hex_decode+0x32>

080004b0 <simpleserial_addcmd_flags>:
{
 80004b0:	b570      	push	{r4, r5, r6, lr}
	if(num_commands >= MAX_SS_CMDS)
 80004b2:	4e09      	ldr	r6, [pc, #36]	@ (80004d8 <simpleserial_addcmd_flags+0x28>)
 80004b4:	6834      	ldr	r4, [r6, #0]
 80004b6:	2c1f      	cmp	r4, #31
 80004b8:	dc0b      	bgt.n	80004d2 <simpleserial_addcmd_flags+0x22>
	if(len >= MAX_SS_LEN)
 80004ba:	293f      	cmp	r1, #63	@ 0x3f
 80004bc:	d809      	bhi.n	80004d2 <simpleserial_addcmd_flags+0x22>
	commands[num_commands].c   = c;
 80004be:	eb06 1504 	add.w	r5, r6, r4, lsl #4
	commands[num_commands].fp  = fp;
 80004c2:	e9c5 1202 	strd	r1, r2, [r5, #8]
	num_commands++;
 80004c6:	3401      	adds	r4, #1
	commands[num_commands].c   = c;
 80004c8:	7128      	strb	r0, [r5, #4]
	commands[num_commands].flags = fl;
 80004ca:	742b      	strb	r3, [r5, #16]
	num_commands++;
 80004cc:	6034      	str	r4, [r6, #0]
	return 0;
 80004ce:	2000      	movs	r0, #0
}
 80004d0:	bd70      	pop	{r4, r5, r6, pc}
		return 1;
 80004d2:	2001      	movs	r0, #1
 80004d4:	e7fc      	b.n	80004d0 <simpleserial_addcmd_flags+0x20>
 80004d6:	bf00      	nop
 80004d8:	2000001c 	.word	0x2000001c

080004dc <simpleserial_addcmd>:
	return simpleserial_addcmd_flags(c, len, fp, CMD_FLAG_NONE);
 80004dc:	2300      	movs	r3, #0
 80004de:	f7ff bfe7 	b.w	80004b0 <simpleserial_addcmd_flags>
 80004e2:	0000      	movs	r0, r0

080004e4 <simpleserial_init>:
{
 80004e4:	b508      	push	{r3, lr}
	simpleserial_addcmd('v', 0, check_version);
 80004e6:	4a07      	ldr	r2, [pc, #28]	@ (8000504 <simpleserial_init+0x20>)
 80004e8:	2100      	movs	r1, #0
 80004ea:	2076      	movs	r0, #118	@ 0x76
 80004ec:	f7ff fff6 	bl	80004dc <simpleserial_addcmd>
    simpleserial_addcmd('w', 0, ss_get_commands);
 80004f0:	4a05      	ldr	r2, [pc, #20]	@ (8000508 <simpleserial_init+0x24>)
 80004f2:	2077      	movs	r0, #119	@ 0x77
 80004f4:	f7ff fff2 	bl	80004dc <simpleserial_addcmd>
}
 80004f8:	e8bd 4008 	ldmia.w	sp!, {r3, lr}
    simpleserial_addcmd('y', 0, ss_num_commands);
 80004fc:	4a03      	ldr	r2, [pc, #12]	@ (800050c <simpleserial_init+0x28>)
 80004fe:	2079      	movs	r0, #121	@ 0x79
 8000500:	f7ff bfec 	b.w	80004dc <simpleserial_addcmd>
 8000504:	08000381 	.word	0x08000381
 8000508:	080003e9 	.word	0x080003e9
 800050c:	080003c5 	.word	0x080003c5

08000510 <simpleserial_get>:
{
 8000510:	e92d 41f0 	stmdb	sp!, {r4, r5, r6, r7, r8, lr}
	for(cmd = 0; cmd < num_commands; cmd++)
 8000514:	4d2c      	ldr	r5, [pc, #176]	@ (80005c8 <simpleserial_get+0xb8>)
{
 8000516:	b0b2      	sub	sp, #200	@ 0xc8
	c = getch();
 8000518:	f000 f90c 	bl	8000734 <getch>
	for(cmd = 0; cmd < num_commands; cmd++)
 800051c:	462a      	mov	r2, r5
 800051e:	2300      	movs	r3, #0
 8000520:	f852 1b04 	ldr.w	r1, [r2], #4
 8000524:	4299      	cmp	r1, r3
 8000526:	dc3f      	bgt.n	80005a8 <simpleserial_get+0x98>
	if(cmd == num_commands)
 8000528:	d03b      	beq.n	80005a2 <simpleserial_get+0x92>
	if ((commands[cmd].flags & CMD_FLAG_LEN) != 0)
 800052a:	eb05 1403 	add.w	r4, r5, r3, lsl #4
 800052e:	011e      	lsls	r6, r3, #4
 8000530:	7c23      	ldrb	r3, [r4, #16]
 8000532:	07db      	lsls	r3, r3, #31
 8000534:	d513      	bpl.n	800055e <simpleserial_get+0x4e>
		uint8_t l = 0;
 8000536:	2300      	movs	r3, #0
 8000538:	f88d 3008 	strb.w	r3, [sp, #8]
		buff[0] = getch();
 800053c:	f000 f8fa 	bl	8000734 <getch>
 8000540:	f88d 0048 	strb.w	r0, [sp, #72]	@ 0x48
		buff[1] = getch();
 8000544:	f000 f8f6 	bl	8000734 <getch>
		if (hex_decode(1, buff, &l))
 8000548:	aa02      	add	r2, sp, #8
		buff[1] = getch();
 800054a:	f88d 0049 	strb.w	r0, [sp, #73]	@ 0x49
		if (hex_decode(1, buff, &l))
 800054e:	a912      	add	r1, sp, #72	@ 0x48
 8000550:	2001      	movs	r0, #1
 8000552:	f7ff ff71 	bl	8000438 <hex_decode>
 8000556:	bb20      	cbnz	r0, 80005a2 <simpleserial_get+0x92>
		commands[cmd].len = l;
 8000558:	f89d 3008 	ldrb.w	r3, [sp, #8]
 800055c:	60a3      	str	r3, [r4, #8]
 800055e:	af12      	add	r7, sp, #72	@ 0x48
	for(cmd = 0; cmd < num_commands; cmd++)
 8000560:	2400      	movs	r4, #0
	for(int i = 0; i < 2*commands[cmd].len; i++)
 8000562:	eb05 0806 	add.w	r8, r5, r6
 8000566:	f8d8 3008 	ldr.w	r3, [r8, #8]
 800056a:	ebb4 0f43 	cmp.w	r4, r3, lsl #1
 800056e:	d321      	bcc.n	80005b4 <simpleserial_get+0xa4>
	c = getch();
 8000570:	f000 f8e0 	bl	8000734 <getch>
	if(c != '\n' && c != '\r')
 8000574:	280a      	cmp	r0, #10
 8000576:	d001      	beq.n	800057c <simpleserial_get+0x6c>
 8000578:	280d      	cmp	r0, #13
 800057a:	d112      	bne.n	80005a2 <simpleserial_get+0x92>
	if(hex_decode(commands[cmd].len, ascii_buf, data_buf))
 800057c:	4435      	add	r5, r6
 800057e:	aa02      	add	r2, sp, #8
 8000580:	68ac      	ldr	r4, [r5, #8]
 8000582:	a912      	add	r1, sp, #72	@ 0x48
 8000584:	4620      	mov	r0, r4
 8000586:	f7ff ff57 	bl	8000438 <hex_decode>
 800058a:	b950      	cbnz	r0, 80005a2 <simpleserial_get+0x92>
	ret[0] = commands[cmd].fp(data_buf, commands[cmd].len);
 800058c:	b2e1      	uxtb	r1, r4
 800058e:	68eb      	ldr	r3, [r5, #12]
 8000590:	a802      	add	r0, sp, #8
 8000592:	4798      	blx	r3
 8000594:	aa01      	add	r2, sp, #4
 8000596:	f88d 0004 	strb.w	r0, [sp, #4]
    if (!output) return;
 800059a:	2101      	movs	r1, #1
 800059c:	207a      	movs	r0, #122	@ 0x7a
 800059e:	f7ff fef1 	bl	8000384 <simpleserial_put.part.0>
}
 80005a2:	b032      	add	sp, #200	@ 0xc8
 80005a4:	e8bd 81f0 	ldmia.w	sp!, {r4, r5, r6, r7, r8, pc}
		if(commands[cmd].c == c)
 80005a8:	011c      	lsls	r4, r3, #4
 80005aa:	5ca4      	ldrb	r4, [r4, r2]
 80005ac:	4284      	cmp	r4, r0
 80005ae:	d0bc      	beq.n	800052a <simpleserial_get+0x1a>
	for(cmd = 0; cmd < num_commands; cmd++)
 80005b0:	3301      	adds	r3, #1
 80005b2:	e7b7      	b.n	8000524 <simpleserial_get+0x14>
		c = getch();
 80005b4:	f000 f8be 	bl	8000734 <getch>
		if(c == '\n' || c == '\r')
 80005b8:	280a      	cmp	r0, #10
 80005ba:	d0f2      	beq.n	80005a2 <simpleserial_get+0x92>
 80005bc:	280d      	cmp	r0, #13
 80005be:	d0f0      	beq.n	80005a2 <simpleserial_get+0x92>
		ascii_buf[i] = c;
 80005c0:	f807 0b01 	strb.w	r0, [r7], #1
	for(int i = 0; i < 2*commands[cmd].len; i++)
 80005c4:	3401      	adds	r4, #1
 80005c6:	e7ce      	b.n	8000566 <simpleserial_get+0x56>
 80005c8:	2000001c 	.word	0x2000001c

080005cc <simpleserial_put>:
    if (!output) return;
 80005cc:	b10a      	cbz	r2, 80005d2 <simpleserial_put+0x6>
 80005ce:	f7ff bed9 	b.w	8000384 <simpleserial_put.part.0>
}
 80005d2:	4770      	bx	lr

080005d4 <platform_init>:

UART_HandleTypeDef UartHandle;


void platform_init(void)
{
 80005d4:	b570      	push	{r4, r5, r6, lr}
 80005d6:	b096      	sub	sp, #88	@ 0x58
     HAL_RCC_ClockConfig(&RCC_ClkInitStruct, flash_latency);
  #else
     RCC_OscInitTypeDef RCC_OscInitStruct;
     RCC_OscInitStruct.OscillatorType = RCC_OSCILLATORTYPE_HSE | RCC_OSCILLATORTYPE_HSI;
     RCC_OscInitStruct.HSEState       = RCC_HSE_BYPASS;
     RCC_OscInitStruct.HSIState       = RCC_HSI_OFF;
 80005d8:	2400      	movs	r4, #0
     RCC_OscInitStruct.HSEState       = RCC_HSE_BYPASS;
 80005da:	2603      	movs	r6, #3
 80005dc:	f44f 23a0 	mov.w	r3, #327680	@ 0x50000
     RCC_OscInitStruct.PLL.PLLSource  = RCC_PLL_NONE;
     HAL_RCC_OscConfig(&RCC_OscInitStruct);
 80005e0:	a80c      	add	r0, sp, #48	@ 0x30

     RCC_ClkInitTypeDef RCC_ClkInitStruct;
     RCC_ClkInitStruct.ClockType      = (RCC_CLOCKTYPE_SYSCLK | RCC_CLOCKTYPE_HCLK | RCC_CLOCKTYPE_PCLK1 | RCC_CLOCKTYPE_PCLK2);
     RCC_ClkInitStruct.SYSCLKSource   = RCC_SYSCLKSOURCE_HSE;
 80005e2:	2501      	movs	r5, #1
     RCC_OscInitStruct.HSEState       = RCC_HSE_BYPASS;
 80005e4:	e9cd 630c 	strd	r6, r3, [sp, #48]	@ 0x30
     RCC_OscInitStruct.HSIState       = RCC_HSI_OFF;
 80005e8:	9410      	str	r4, [sp, #64]	@ 0x40
     RCC_OscInitStruct.PLL.PLLSource  = RCC_PLL_NONE;
 80005ea:	9414      	str	r4, [sp, #80]	@ 0x50
     HAL_RCC_OscConfig(&RCC_OscInitStruct);
 80005ec:	f000 f8d4 	bl	8000798 <HAL_RCC_OscConfig>
     RCC_ClkInitStruct.SYSCLKSource   = RCC_SYSCLKSOURCE_HSE;
 80005f0:	230f      	movs	r3, #15
     RCC_ClkInitStruct.AHBCLKDivider  = RCC_SYSCLK_DIV1;
     RCC_ClkInitStruct.APB1CLKDivider = RCC_HCLK_DIV1;
     RCC_ClkInitStruct.APB2CLKDivider = RCC_HCLK_DIV1;
     uint32_t flash_latency = 0;
     HAL_RCC_ClockConfig(&RCC_ClkInitStruct, flash_latency);
 80005f2:	4621      	mov	r1, r4
 80005f4:	a802      	add	r0, sp, #8
     RCC_ClkInitStruct.SYSCLKSource   = RCC_SYSCLKSOURCE_HSE;
 80005f6:	e9cd 3502 	strd	r3, r5, [sp, #8]
     RCC_ClkInitStruct.APB1CLKDivider = RCC_HCLK_DIV1;
 80005fa:	e9cd 4404 	strd	r4, r4, [sp, #16]
     RCC_ClkInitStruct.APB2CLKDivider = RCC_HCLK_DIV1;
 80005fe:	9406      	str	r4, [sp, #24]
     HAL_RCC_ClockConfig(&RCC_ClkInitStruct, flash_latency);
 8000600:	f000 fb10 	bl	8000c24 <HAL_RCC_ClockConfig>




#if (PLATFORM==CWLITEARM)
  __HAL_RCC_GPIOC_CLK_ENABLE();
 8000604:	4b11      	ldr	r3, [pc, #68]	@ (800064c <platform_init+0x78>)
 8000606:	695a      	ldr	r2, [r3, #20]
 8000608:	f442 2200 	orr.w	r2, r2, #524288	@ 0x80000
 800060c:	615a      	str	r2, [r3, #20]
 800060e:	695b      	ldr	r3, [r3, #20]
  GPIO_InitTypeDef GpioInit;
  GpioInit.Pin       = GPIO_PIN_13 | GPIO_PIN_14;
  GpioInit.Mode      = GPIO_MODE_OUTPUT_PP;
  GpioInit.Pull      = GPIO_NOPULL;
  GpioInit.Speed     = GPIO_SPEED_FREQ_HIGH;
 8000610:	e9cd 4609 	strd	r4, r6, [sp, #36]	@ 0x24
  __HAL_RCC_GPIOC_CLK_ENABLE();
 8000614:	f403 2300 	and.w	r3, r3, #524288	@ 0x80000
  HAL_GPIO_Init(GPIOC, &GpioInit);
 8000618:	4c0d      	ldr	r4, [pc, #52]	@ (8000650 <platform_init+0x7c>)
  __HAL_RCC_GPIOC_CLK_ENABLE();
 800061a:	9301      	str	r3, [sp, #4]
 800061c:	9b01      	ldr	r3, [sp, #4]
  HAL_GPIO_Init(GPIOC, &GpioInit);
 800061e:	a907      	add	r1, sp, #28
  GpioInit.Pin       = GPIO_PIN_13 | GPIO_PIN_14;
 8000620:	f44f 43c0 	mov.w	r3, #24576	@ 0x6000
  HAL_GPIO_Init(GPIOC, &GpioInit);
 8000624:	4620      	mov	r0, r4
  GpioInit.Mode      = GPIO_MODE_OUTPUT_PP;
 8000626:	e9cd 3507 	strd	r3, r5, [sp, #28]
  HAL_GPIO_Init(GPIOC, &GpioInit);
 800062a:	f000 fb9b 	bl	8000d64 <HAL_GPIO_Init>

  HAL_GPIO_WritePin(GPIOC, GPIO_PIN_13, SET);
 800062e:	462a      	mov	r2, r5
 8000630:	4620      	mov	r0, r4
 8000632:	f44f 5100 	mov.w	r1, #8192	@ 0x2000
 8000636:	f000 fc53 	bl	8000ee0 <HAL_GPIO_WritePin>
  HAL_GPIO_WritePin(GPIOC, GPIO_PIN_14, SET);
 800063a:	462a      	mov	r2, r5
 800063c:	f44f 4180 	mov.w	r1, #16384	@ 0x4000
 8000640:	4620      	mov	r0, r4
 8000642:	f000 fc4d 	bl	8000ee0 <HAL_GPIO_WritePin>
#endif
}
 8000646:	b016      	add	sp, #88	@ 0x58
 8000648:	bd70      	pop	{r4, r5, r6, pc}
 800064a:	bf00      	nop
 800064c:	40021000 	.word	0x40021000
 8000650:	48000800 	.word	0x48000800

08000654 <init_uart>:

void init_uart(void)
{
 8000654:	b510      	push	{r4, lr}
  GPIO_InitTypeDef GpioInit;
  GpioInit.Pin       = GPIO_PIN_9 | GPIO_PIN_10;
  GpioInit.Mode      = GPIO_MODE_AF_PP;
 8000656:	f44f 62c0 	mov.w	r2, #1536	@ 0x600
{
 800065a:	b088      	sub	sp, #32
  GpioInit.Mode      = GPIO_MODE_AF_PP;
 800065c:	2302      	movs	r3, #2
 800065e:	e9cd 2303 	strd	r2, r3, [sp, #12]
  GpioInit.Pull      = GPIO_PULLUP;
  GpioInit.Speed     = GPIO_SPEED_FREQ_HIGH;
 8000662:	2101      	movs	r1, #1
 8000664:	2303      	movs	r3, #3
 8000666:	e9cd 1305 	strd	r1, r3, [sp, #20]
  GpioInit.Alternate = GPIO_AF7_USART1;
  __GPIOA_CLK_ENABLE();
 800066a:	4c16      	ldr	r4, [pc, #88]	@ (80006c4 <init_uart+0x70>)
  GpioInit.Alternate = GPIO_AF7_USART1;
 800066c:	2307      	movs	r3, #7
 800066e:	9307      	str	r3, [sp, #28]
  __GPIOA_CLK_ENABLE();
 8000670:	6963      	ldr	r3, [r4, #20]
 8000672:	f443 3300 	orr.w	r3, r3, #131072	@ 0x20000
 8000676:	6163      	str	r3, [r4, #20]
 8000678:	6963      	ldr	r3, [r4, #20]
 800067a:	f403 3300 	and.w	r3, r3, #131072	@ 0x20000
 800067e:	9301      	str	r3, [sp, #4]
  HAL_GPIO_Init(GPIOA, &GpioInit);
 8000680:	a903      	add	r1, sp, #12
 8000682:	f04f 4090 	mov.w	r0, #1207959552	@ 0x48000000
  __GPIOA_CLK_ENABLE();
 8000686:	9b01      	ldr	r3, [sp, #4]
  HAL_GPIO_Init(GPIOA, &GpioInit);
 8000688:	f000 fb6c 	bl	8000d64 <HAL_GPIO_Init>

  UartHandle.Instance        = USART1;
 800068c:	480e      	ldr	r0, [pc, #56]	@ (80006c8 <init_uart+0x74>)
  #if SS_VER==SS_VER_2_1
  UartHandle.Init.BaudRate   = 230400;
  #else
  UartHandle.Init.BaudRate   = 38400;
 800068e:	f8df c03c 	ldr.w	ip, [pc, #60]	@ 80006cc <init_uart+0x78>
 8000692:	f44f 4316 	mov.w	r3, #38400	@ 0x9600
 8000696:	e9c0 c300 	strd	ip, r3, [r0]
  #endif
  UartHandle.Init.WordLength = UART_WORDLENGTH_8B;
 800069a:	2300      	movs	r3, #0
  UartHandle.Init.StopBits   = UART_STOPBITS_1;
 800069c:	e9c0 3302 	strd	r3, r3, [r0, #8]
  UartHandle.Init.Parity     = UART_PARITY_NONE;
 80006a0:	6103      	str	r3, [r0, #16]
  UartHandle.Init.HwFlowCtl  = UART_HWCONTROL_NONE;
 80006a2:	6183      	str	r3, [r0, #24]
  UartHandle.Init.Mode       = UART_MODE_TX_RX;
 80006a4:	230c      	movs	r3, #12
 80006a6:	6143      	str	r3, [r0, #20]
  __USART1_CLK_ENABLE();
 80006a8:	69a3      	ldr	r3, [r4, #24]
 80006aa:	f443 4380 	orr.w	r3, r3, #16384	@ 0x4000
 80006ae:	61a3      	str	r3, [r4, #24]
 80006b0:	69a3      	ldr	r3, [r4, #24]
 80006b2:	f403 4380 	and.w	r3, r3, #16384	@ 0x4000
 80006b6:	9302      	str	r3, [sp, #8]
 80006b8:	9b02      	ldr	r3, [sp, #8]
  HAL_UART_Init(&UartHandle);
 80006ba:	f000 fd27 	bl	800110c <HAL_UART_Init>
}
 80006be:	b008      	add	sp, #32
 80006c0:	bd10      	pop	{r4, pc}
 80006c2:	bf00      	nop
 80006c4:	40021000 	.word	0x40021000
 80006c8:	20000220 	.word	0x20000220
 80006cc:	40013800 	.word	0x40013800

080006d0 <trigger_setup>:

void trigger_setup(void)
{
  __HAL_RCC_GPIOA_CLK_ENABLE();
 80006d0:	4b10      	ldr	r3, [pc, #64]	@ (8000714 <trigger_setup+0x44>)
{
 80006d2:	b530      	push	{r4, r5, lr}
  __HAL_RCC_GPIOA_CLK_ENABLE();
 80006d4:	695a      	ldr	r2, [r3, #20]
 80006d6:	f442 3200 	orr.w	r2, r2, #131072	@ 0x20000
 80006da:	615a      	str	r2, [r3, #20]
 80006dc:	695b      	ldr	r3, [r3, #20]
{
 80006de:	b087      	sub	sp, #28
  __HAL_RCC_GPIOA_CLK_ENABLE();
 80006e0:	f403 3300 	and.w	r3, r3, #131072	@ 0x20000
 80006e4:	9300      	str	r3, [sp, #0]
 80006e6:	9b00      	ldr	r3, [sp, #0]

  GPIO_InitTypeDef GpioInit;
  GpioInit.Pin       = GPIO_PIN_12;
  GpioInit.Mode      = GPIO_MODE_OUTPUT_PP;
 80006e8:	f44f 5480 	mov.w	r4, #4096	@ 0x1000
 80006ec:	2301      	movs	r3, #1
 80006ee:	e9cd 4301 	strd	r4, r3, [sp, #4]
  GpioInit.Pull      = GPIO_NOPULL;
  GpioInit.Speed     = GPIO_SPEED_FREQ_HIGH;
 80006f2:	2500      	movs	r5, #0
 80006f4:	2303      	movs	r3, #3
  HAL_GPIO_Init(GPIOA, &GpioInit);
 80006f6:	a901      	add	r1, sp, #4
 80006f8:	f04f 4090 	mov.w	r0, #1207959552	@ 0x48000000
  GpioInit.Speed     = GPIO_SPEED_FREQ_HIGH;
 80006fc:	e9cd 5303 	strd	r5, r3, [sp, #12]
  HAL_GPIO_Init(GPIOA, &GpioInit);
 8000700:	f000 fb30 	bl	8000d64 <HAL_GPIO_Init>

  HAL_GPIO_WritePin(GPIOA, GPIO_PIN_12, RESET);
 8000704:	462a      	mov	r2, r5
 8000706:	4621      	mov	r1, r4
 8000708:	f04f 4090 	mov.w	r0, #1207959552	@ 0x48000000
 800070c:	f000 fbe8 	bl	8000ee0 <HAL_GPIO_WritePin>
}
 8000710:	b007      	add	sp, #28
 8000712:	bd30      	pop	{r4, r5, pc}
 8000714:	40021000 	.word	0x40021000

08000718 <trigger_high>:

void trigger_high(void)
{
  HAL_GPIO_WritePin(GPIOA, GPIO_PIN_12, SET);
 8000718:	2201      	movs	r2, #1
 800071a:	f44f 5180 	mov.w	r1, #4096	@ 0x1000
 800071e:	f04f 4090 	mov.w	r0, #1207959552	@ 0x48000000
 8000722:	f000 bbdd 	b.w	8000ee0 <HAL_GPIO_WritePin>

08000726 <trigger_low>:
}

void trigger_low(void)
{
  HAL_GPIO_WritePin(GPIOA, GPIO_PIN_12, RESET);
 8000726:	2200      	movs	r2, #0
 8000728:	f44f 5180 	mov.w	r1, #4096	@ 0x1000
 800072c:	f04f 4090 	mov.w	r0, #1207959552	@ 0x48000000
 8000730:	f000 bbd6 	b.w	8000ee0 <HAL_GPIO_WritePin>

08000734 <getch>:
}

char getch(void)
{
 8000734:	b537      	push	{r0, r1, r2, r4, r5, lr}
  uint8_t d;
  while (HAL_UART_Receive(&UartHandle, &d, 1, 5000) != HAL_OK)
 8000736:	4d0a      	ldr	r5, [pc, #40]	@ (8000760 <getch+0x2c>)
    USART1->ICR |= (1 << 3);
 8000738:	4c0a      	ldr	r4, [pc, #40]	@ (8000764 <getch+0x30>)
  while (HAL_UART_Receive(&UartHandle, &d, 1, 5000) != HAL_OK)
 800073a:	f241 3388 	movw	r3, #5000	@ 0x1388
 800073e:	2201      	movs	r2, #1
 8000740:	f10d 0107 	add.w	r1, sp, #7
 8000744:	4628      	mov	r0, r5
 8000746:	f000 fd61 	bl	800120c <HAL_UART_Receive>
 800074a:	b918      	cbnz	r0, 8000754 <getch+0x20>
  //putch(d);
  return d;
}
 800074c:	f89d 0007 	ldrb.w	r0, [sp, #7]
 8000750:	b003      	add	sp, #12
 8000752:	bd30      	pop	{r4, r5, pc}
    USART1->ICR |= (1 << 3);
 8000754:	6a23      	ldr	r3, [r4, #32]
 8000756:	f043 0308 	orr.w	r3, r3, #8
 800075a:	6223      	str	r3, [r4, #32]
 800075c:	e7ed      	b.n	800073a <getch+0x6>
 800075e:	bf00      	nop
 8000760:	20000220 	.word	0x20000220
 8000764:	40013800 	.word	0x40013800

08000768 <putch>:

void putch(char c)
{
 8000768:	b507      	push	{r0, r1, r2, lr}
  uint8_t d  = c;
  HAL_UART_Transmit(&UartHandle,  &d, 1, 5000);
 800076a:	f241 3388 	movw	r3, #5000	@ 0x1388
  uint8_t d  = c;
 800076e:	f88d 0007 	strb.w	r0, [sp, #7]
  HAL_UART_Transmit(&UartHandle,  &d, 1, 5000);
 8000772:	2201      	movs	r2, #1
 8000774:	f10d 0107 	add.w	r1, sp, #7
 8000778:	4802      	ldr	r0, [pc, #8]	@ (8000784 <putch+0x1c>)
 800077a:	f000 fcf1 	bl	8001160 <HAL_UART_Transmit>
}
 800077e:	b003      	add	sp, #12
 8000780:	f85d fb04 	ldr.w	pc, [sp], #4
 8000784:	20000220 	.word	0x20000220

08000788 <HAL_GetTick>:
	hal_sys_tick = 0;
	return HAL_OK;
}
uint32_t HAL_GetTick(void)
{
	return hal_sys_tick++;
 8000788:	4b02      	ldr	r3, [pc, #8]	@ (8000794 <HAL_GetTick+0xc>)
 800078a:	6818      	ldr	r0, [r3, #0]
 800078c:	1c42      	adds	r2, r0, #1
 800078e:	601a      	str	r2, [r3, #0]
}
 8000790:	4770      	bx	lr
 8000792:	bf00      	nop
 8000794:	20000290 	.word	0x20000290

08000798 <HAL_RCC_OscConfig>:
  /* Check the parameters */
  assert_param(RCC_OscInitStruct != NULL);
  assert_param(IS_RCC_OSCILLATORTYPE(RCC_OscInitStruct->OscillatorType));

  /*------------------------------- HSE Configuration ------------------------*/ 
  if(((RCC_OscInitStruct->OscillatorType) & RCC_OSCILLATORTYPE_HSE) == RCC_OSCILLATORTYPE_HSE)
 8000798:	6803      	ldr	r3, [r0, #0]
{
 800079a:	e92d 43f7 	stmdb	sp!, {r0, r1, r2, r4, r5, r6, r7, r8, r9, lr}
  if(((RCC_OscInitStruct->OscillatorType) & RCC_OSCILLATORTYPE_HSE) == RCC_OSCILLATORTYPE_HSE)
 800079e:	07d9      	lsls	r1, r3, #31
{
 80007a0:	4604      	mov	r4, r0
  if(((RCC_OscInitStruct->OscillatorType) & RCC_OSCILLATORTYPE_HSE) == RCC_OSCILLATORTYPE_HSE)
 80007a2:	d410      	bmi.n	80007c6 <HAL_RCC_OscConfig+0x2e>
        }
      }
    }
  }
  /*----------------------------- HSI Configuration --------------------------*/ 
  if(((RCC_OscInitStruct->OscillatorType) & RCC_OSCILLATORTYPE_HSI) == RCC_OSCILLATORTYPE_HSI)
 80007a4:	6823      	ldr	r3, [r4, #0]
 80007a6:	079a      	lsls	r2, r3, #30
 80007a8:	d47e      	bmi.n	80008a8 <HAL_RCC_OscConfig+0x110>
        }
      }
    }
  }
  /*------------------------------ LSI Configuration -------------------------*/ 
  if(((RCC_OscInitStruct->OscillatorType) & RCC_OSCILLATORTYPE_LSI) == RCC_OSCILLATORTYPE_LSI)
 80007aa:	6823      	ldr	r3, [r4, #0]
 80007ac:	071e      	lsls	r6, r3, #28
 80007ae:	f100 80e7 	bmi.w	8000980 <HAL_RCC_OscConfig+0x1e8>
        }
      }
    }
  }
  /*------------------------------ LSE Configuration -------------------------*/ 
  if(((RCC_OscInitStruct->OscillatorType) & RCC_OSCILLATORTYPE_LSE) == RCC_OSCILLATORTYPE_LSE)
 80007b2:	6823      	ldr	r3, [r4, #0]
 80007b4:	075d      	lsls	r5, r3, #29
 80007b6:	f100 812a 	bmi.w	8000a0e <HAL_RCC_OscConfig+0x276>
  }

  /*-------------------------------- PLL Configuration -----------------------*/
  /* Check the parameters */
  assert_param(IS_RCC_PLL(RCC_OscInitStruct->PLL.PLLState));
  if ((RCC_OscInitStruct->PLL.PLLState) != RCC_PLL_NONE)
 80007ba:	69e2      	ldr	r2, [r4, #28]
 80007bc:	2a00      	cmp	r2, #0
 80007be:	f040 81ad 	bne.w	8000b1c <HAL_RCC_OscConfig+0x384>
    {
      return HAL_ERROR;
    }
  }
  
  return HAL_OK;
 80007c2:	2000      	movs	r0, #0
 80007c4:	e01f      	b.n	8000806 <HAL_RCC_OscConfig+0x6e>
    if((__HAL_RCC_GET_SYSCLK_SOURCE() == RCC_SYSCLKSOURCE_STATUS_HSE) 
 80007c6:	49ae      	ldr	r1, [pc, #696]	@ (8000a80 <HAL_RCC_OscConfig+0x2e8>)
 80007c8:	684b      	ldr	r3, [r1, #4]
 80007ca:	f003 030c 	and.w	r3, r3, #12
 80007ce:	2b04      	cmp	r3, #4
 80007d0:	d007      	beq.n	80007e2 <HAL_RCC_OscConfig+0x4a>
       || ((__HAL_RCC_GET_SYSCLK_SOURCE() == RCC_SYSCLKSOURCE_STATUS_PLLCLK) && (__HAL_RCC_GET_PLL_OSCSOURCE() == RCC_PLLSOURCE_HSE)))
 80007d2:	684b      	ldr	r3, [r1, #4]
 80007d4:	f003 030c 	and.w	r3, r3, #12
 80007d8:	2b08      	cmp	r3, #8
 80007da:	d117      	bne.n	800080c <HAL_RCC_OscConfig+0x74>
 80007dc:	684b      	ldr	r3, [r1, #4]
 80007de:	03db      	lsls	r3, r3, #15
 80007e0:	d514      	bpl.n	800080c <HAL_RCC_OscConfig+0x74>
__attribute__((always_inline)) __STATIC_INLINE uint32_t __RBIT(uint32_t value)
{
  uint32_t result;

#if       (__CORTEX_M >= 0x03U) || (__CORTEX_SC >= 300U)
   __ASM volatile ("rbit %0, %1" : "=r" (result) : "r" (value) );
 80007e2:	f44f 3300 	mov.w	r3, #131072	@ 0x20000
 80007e6:	fa93 f2a3 	rbit	r2, r3
      if((__HAL_RCC_GET_FLAG(RCC_FLAG_HSERDY) != RESET) && (RCC_OscInitStruct->HSEState == RCC_HSE_OFF))
 80007ea:	6809      	ldr	r1, [r1, #0]
 80007ec:	fa93 f3a3 	rbit	r3, r3
 80007f0:	2201      	movs	r2, #1
 80007f2:	fab3 f383 	clz	r3, r3
 80007f6:	fa02 f303 	lsl.w	r3, r2, r3
 80007fa:	420b      	tst	r3, r1
 80007fc:	d0d2      	beq.n	80007a4 <HAL_RCC_OscConfig+0xc>
 80007fe:	6863      	ldr	r3, [r4, #4]
 8000800:	2b00      	cmp	r3, #0
 8000802:	d1cf      	bne.n	80007a4 <HAL_RCC_OscConfig+0xc>
        return HAL_ERROR;
 8000804:	2001      	movs	r0, #1
}
 8000806:	b003      	add	sp, #12
 8000808:	e8bd 83f0 	ldmia.w	sp!, {r4, r5, r6, r7, r8, r9, pc}
      __HAL_RCC_HSE_CONFIG(RCC_OscInitStruct->HSEState);
 800080c:	6862      	ldr	r2, [r4, #4]
 800080e:	f5b2 3f80 	cmp.w	r2, #65536	@ 0x10000
 8000812:	d122      	bne.n	800085a <HAL_RCC_OscConfig+0xc2>
 8000814:	680b      	ldr	r3, [r1, #0]
 8000816:	f443 3380 	orr.w	r3, r3, #65536	@ 0x10000
 800081a:	600b      	str	r3, [r1, #0]
      __HAL_RCC_HSE_PREDIV_CONFIG(RCC_OscInitStruct->HSEPredivValue);
 800081c:	6acb      	ldr	r3, [r1, #44]	@ 0x2c
 800081e:	68a0      	ldr	r0, [r4, #8]
 8000820:	f023 030f 	bic.w	r3, r3, #15
 8000824:	4303      	orrs	r3, r0
 8000826:	62cb      	str	r3, [r1, #44]	@ 0x2c
      if(RCC_OscInitStruct->HSEState != RCC_HSE_OFF)
 8000828:	b33a      	cbz	r2, 800087a <HAL_RCC_OscConfig+0xe2>
        tickstart = HAL_GetTick();
 800082a:	f7ff ffad 	bl	8000788 <HAL_GetTick>
 800082e:	f44f 3600 	mov.w	r6, #131072	@ 0x20000
 8000832:	4605      	mov	r5, r0
        while(__HAL_RCC_GET_FLAG(RCC_FLAG_HSERDY) == RESET)
 8000834:	2701      	movs	r7, #1
 8000836:	fa96 f3a6 	rbit	r3, r6
 800083a:	680a      	ldr	r2, [r1, #0]
 800083c:	fa96 f3a6 	rbit	r3, r6
 8000840:	fab3 f383 	clz	r3, r3
 8000844:	fa07 f303 	lsl.w	r3, r7, r3
 8000848:	4213      	tst	r3, r2
 800084a:	d1ab      	bne.n	80007a4 <HAL_RCC_OscConfig+0xc>
          if((HAL_GetTick() - tickstart ) > HSE_TIMEOUT_VALUE)
 800084c:	f7ff ff9c 	bl	8000788 <HAL_GetTick>
 8000850:	1b40      	subs	r0, r0, r5
 8000852:	2864      	cmp	r0, #100	@ 0x64
 8000854:	d9ef      	bls.n	8000836 <HAL_RCC_OscConfig+0x9e>
            return HAL_TIMEOUT;
 8000856:	2003      	movs	r0, #3
 8000858:	e7d5      	b.n	8000806 <HAL_RCC_OscConfig+0x6e>
      __HAL_RCC_HSE_CONFIG(RCC_OscInitStruct->HSEState);
 800085a:	680b      	ldr	r3, [r1, #0]
 800085c:	b932      	cbnz	r2, 800086c <HAL_RCC_OscConfig+0xd4>
 800085e:	f423 3380 	bic.w	r3, r3, #65536	@ 0x10000
 8000862:	600b      	str	r3, [r1, #0]
 8000864:	680b      	ldr	r3, [r1, #0]
 8000866:	f423 2380 	bic.w	r3, r3, #262144	@ 0x40000
 800086a:	e7d6      	b.n	800081a <HAL_RCC_OscConfig+0x82>
 800086c:	f5b2 2fa0 	cmp.w	r2, #327680	@ 0x50000
 8000870:	d1f5      	bne.n	800085e <HAL_RCC_OscConfig+0xc6>
 8000872:	f443 2380 	orr.w	r3, r3, #262144	@ 0x40000
 8000876:	600b      	str	r3, [r1, #0]
 8000878:	e7cc      	b.n	8000814 <HAL_RCC_OscConfig+0x7c>
        tickstart = HAL_GetTick();
 800087a:	f7ff ff85 	bl	8000788 <HAL_GetTick>
 800087e:	f44f 3600 	mov.w	r6, #131072	@ 0x20000
 8000882:	4605      	mov	r5, r0
        while(__HAL_RCC_GET_FLAG(RCC_FLAG_HSERDY) != RESET)
 8000884:	2701      	movs	r7, #1
 8000886:	fa96 f3a6 	rbit	r3, r6
 800088a:	680a      	ldr	r2, [r1, #0]
 800088c:	fa96 f3a6 	rbit	r3, r6
 8000890:	fab3 f383 	clz	r3, r3
 8000894:	fa07 f303 	lsl.w	r3, r7, r3
 8000898:	4213      	tst	r3, r2
 800089a:	d083      	beq.n	80007a4 <HAL_RCC_OscConfig+0xc>
           if((HAL_GetTick() - tickstart ) > HSE_TIMEOUT_VALUE)
 800089c:	f7ff ff74 	bl	8000788 <HAL_GetTick>
 80008a0:	1b40      	subs	r0, r0, r5
 80008a2:	2864      	cmp	r0, #100	@ 0x64
 80008a4:	d9ef      	bls.n	8000886 <HAL_RCC_OscConfig+0xee>
 80008a6:	e7d6      	b.n	8000856 <HAL_RCC_OscConfig+0xbe>
    if((__HAL_RCC_GET_SYSCLK_SOURCE() == RCC_SYSCLKSOURCE_STATUS_HSI) 
 80008a8:	4975      	ldr	r1, [pc, #468]	@ (8000a80 <HAL_RCC_OscConfig+0x2e8>)
 80008aa:	684b      	ldr	r3, [r1, #4]
 80008ac:	f013 0f0c 	tst.w	r3, #12
 80008b0:	d007      	beq.n	80008c2 <HAL_RCC_OscConfig+0x12a>
       || ((__HAL_RCC_GET_SYSCLK_SOURCE() == RCC_SYSCLKSOURCE_STATUS_PLLCLK) && (__HAL_RCC_GET_PLL_OSCSOURCE() == RCC_PLLSOURCE_HSI)))
 80008b2:	684b      	ldr	r3, [r1, #4]
 80008b4:	f003 030c 	and.w	r3, r3, #12
 80008b8:	2b08      	cmp	r3, #8
 80008ba:	d11f      	bne.n	80008fc <HAL_RCC_OscConfig+0x164>
 80008bc:	684b      	ldr	r3, [r1, #4]
 80008be:	03df      	lsls	r7, r3, #15
 80008c0:	d41c      	bmi.n	80008fc <HAL_RCC_OscConfig+0x164>
 80008c2:	2302      	movs	r3, #2
 80008c4:	fa93 f2a3 	rbit	r2, r3
      if((__HAL_RCC_GET_FLAG(RCC_FLAG_HSIRDY) != RESET) && (RCC_OscInitStruct->HSIState != RCC_HSI_ON))
 80008c8:	6808      	ldr	r0, [r1, #0]
 80008ca:	fa93 f3a3 	rbit	r3, r3
 80008ce:	2201      	movs	r2, #1
 80008d0:	fab3 f383 	clz	r3, r3
 80008d4:	fa02 f303 	lsl.w	r3, r2, r3
 80008d8:	4203      	tst	r3, r0
 80008da:	d002      	beq.n	80008e2 <HAL_RCC_OscConfig+0x14a>
 80008dc:	6923      	ldr	r3, [r4, #16]
 80008de:	4293      	cmp	r3, r2
 80008e0:	d190      	bne.n	8000804 <HAL_RCC_OscConfig+0x6c>
        __HAL_RCC_HSI_CALIBRATIONVALUE_ADJUST(RCC_OscInitStruct->HSICalibrationValue);
 80008e2:	6808      	ldr	r0, [r1, #0]
 80008e4:	22f8      	movs	r2, #248	@ 0xf8
 80008e6:	fa92 f2a2 	rbit	r2, r2
 80008ea:	6963      	ldr	r3, [r4, #20]
 80008ec:	fab2 f282 	clz	r2, r2
 80008f0:	4093      	lsls	r3, r2
 80008f2:	f020 02f8 	bic.w	r2, r0, #248	@ 0xf8
 80008f6:	4313      	orrs	r3, r2
 80008f8:	600b      	str	r3, [r1, #0]
 80008fa:	e756      	b.n	80007aa <HAL_RCC_OscConfig+0x12>
      if(RCC_OscInitStruct->HSIState != RCC_HSI_OFF)
 80008fc:	6922      	ldr	r2, [r4, #16]
 80008fe:	2501      	movs	r5, #1
 8000900:	b1f2      	cbz	r2, 8000940 <HAL_RCC_OscConfig+0x1a8>
 8000902:	fa95 f3a5 	rbit	r3, r5
        __HAL_RCC_HSI_ENABLE();
 8000906:	fab3 f383 	clz	r3, r3
 800090a:	f103 5384 	add.w	r3, r3, #276824064	@ 0x10800000
 800090e:	f503 1384 	add.w	r3, r3, #1081344	@ 0x108000
 8000912:	009b      	lsls	r3, r3, #2
 8000914:	2702      	movs	r7, #2
 8000916:	601d      	str	r5, [r3, #0]
        tickstart = HAL_GetTick();
 8000918:	f7ff ff36 	bl	8000788 <HAL_GetTick>
 800091c:	4606      	mov	r6, r0
 800091e:	fa97 f3a7 	rbit	r3, r7
        while(__HAL_RCC_GET_FLAG(RCC_FLAG_HSIRDY) == RESET)
 8000922:	680a      	ldr	r2, [r1, #0]
 8000924:	fa97 f3a7 	rbit	r3, r7
 8000928:	fab3 f383 	clz	r3, r3
 800092c:	fa05 f303 	lsl.w	r3, r5, r3
 8000930:	4213      	tst	r3, r2
 8000932:	d1d6      	bne.n	80008e2 <HAL_RCC_OscConfig+0x14a>
          if((HAL_GetTick() - tickstart ) > HSI_TIMEOUT_VALUE)
 8000934:	f7ff ff28 	bl	8000788 <HAL_GetTick>
 8000938:	1b80      	subs	r0, r0, r6
 800093a:	2802      	cmp	r0, #2
 800093c:	d9ef      	bls.n	800091e <HAL_RCC_OscConfig+0x186>
 800093e:	e78a      	b.n	8000856 <HAL_RCC_OscConfig+0xbe>
 8000940:	fa95 f3a5 	rbit	r3, r5
        __HAL_RCC_HSI_DISABLE();
 8000944:	fab3 f383 	clz	r3, r3
 8000948:	f103 5384 	add.w	r3, r3, #276824064	@ 0x10800000
 800094c:	f503 1384 	add.w	r3, r3, #1081344	@ 0x108000
 8000950:	009b      	lsls	r3, r3, #2
 8000952:	2702      	movs	r7, #2
 8000954:	601a      	str	r2, [r3, #0]
        tickstart = HAL_GetTick();
 8000956:	f7ff ff17 	bl	8000788 <HAL_GetTick>
 800095a:	4606      	mov	r6, r0
 800095c:	fa97 f3a7 	rbit	r3, r7
        while(__HAL_RCC_GET_FLAG(RCC_FLAG_HSIRDY) != RESET)
 8000960:	680a      	ldr	r2, [r1, #0]
 8000962:	fa97 f3a7 	rbit	r3, r7
 8000966:	fab3 f383 	clz	r3, r3
 800096a:	fa05 f303 	lsl.w	r3, r5, r3
 800096e:	4213      	tst	r3, r2
 8000970:	f43f af1b 	beq.w	80007aa <HAL_RCC_OscConfig+0x12>
          if((HAL_GetTick() - tickstart ) > HSI_TIMEOUT_VALUE)
 8000974:	f7ff ff08 	bl	8000788 <HAL_GetTick>
 8000978:	1b80      	subs	r0, r0, r6
 800097a:	2802      	cmp	r0, #2
 800097c:	d9ee      	bls.n	800095c <HAL_RCC_OscConfig+0x1c4>
 800097e:	e76a      	b.n	8000856 <HAL_RCC_OscConfig+0xbe>
    if(RCC_OscInitStruct->LSIState != RCC_LSI_OFF)
 8000980:	69a2      	ldr	r2, [r4, #24]
 8000982:	4d3f      	ldr	r5, [pc, #252]	@ (8000a80 <HAL_RCC_OscConfig+0x2e8>)
 8000984:	483f      	ldr	r0, [pc, #252]	@ (8000a84 <HAL_RCC_OscConfig+0x2ec>)
 8000986:	2101      	movs	r1, #1
 8000988:	b302      	cbz	r2, 80009cc <HAL_RCC_OscConfig+0x234>
 800098a:	fa91 f3a1 	rbit	r3, r1
      __HAL_RCC_LSI_ENABLE();
 800098e:	fab3 f383 	clz	r3, r3
 8000992:	4403      	add	r3, r0
 8000994:	009b      	lsls	r3, r3, #2
 8000996:	2602      	movs	r6, #2
 8000998:	6019      	str	r1, [r3, #0]
      tickstart = HAL_GetTick();
 800099a:	f7ff fef5 	bl	8000788 <HAL_GetTick>
 800099e:	4607      	mov	r7, r0
 80009a0:	fa96 f3a6 	rbit	r3, r6
 80009a4:	fa96 f3a6 	rbit	r3, r6
 80009a8:	fa96 f3a6 	rbit	r3, r6
      while(__HAL_RCC_GET_FLAG(RCC_FLAG_LSIRDY) == RESET)
 80009ac:	6a6a      	ldr	r2, [r5, #36]	@ 0x24
 80009ae:	fa96 f3a6 	rbit	r3, r6
 80009b2:	fab3 f383 	clz	r3, r3
 80009b6:	fa01 f303 	lsl.w	r3, r1, r3
 80009ba:	4213      	tst	r3, r2
 80009bc:	f47f aef9 	bne.w	80007b2 <HAL_RCC_OscConfig+0x1a>
        if((HAL_GetTick() - tickstart ) > LSI_TIMEOUT_VALUE)
 80009c0:	f7ff fee2 	bl	8000788 <HAL_GetTick>
 80009c4:	1bc0      	subs	r0, r0, r7
 80009c6:	2802      	cmp	r0, #2
 80009c8:	d9ea      	bls.n	80009a0 <HAL_RCC_OscConfig+0x208>
 80009ca:	e744      	b.n	8000856 <HAL_RCC_OscConfig+0xbe>
 80009cc:	fa91 f3a1 	rbit	r3, r1
      __HAL_RCC_LSI_DISABLE();
 80009d0:	fab3 f383 	clz	r3, r3
 80009d4:	4403      	add	r3, r0
 80009d6:	009b      	lsls	r3, r3, #2
 80009d8:	2602      	movs	r6, #2
 80009da:	601a      	str	r2, [r3, #0]
      tickstart = HAL_GetTick();
 80009dc:	f7ff fed4 	bl	8000788 <HAL_GetTick>
 80009e0:	4607      	mov	r7, r0
 80009e2:	fa96 f3a6 	rbit	r3, r6
 80009e6:	fa96 f3a6 	rbit	r3, r6
 80009ea:	fa96 f3a6 	rbit	r3, r6
      while(__HAL_RCC_GET_FLAG(RCC_FLAG_LSIRDY) != RESET)
 80009ee:	6a6a      	ldr	r2, [r5, #36]	@ 0x24
 80009f0:	fa96 f3a6 	rbit	r3, r6
 80009f4:	fab3 f383 	clz	r3, r3
 80009f8:	fa01 f303 	lsl.w	r3, r1, r3
 80009fc:	4213      	tst	r3, r2
 80009fe:	f43f aed8 	beq.w	80007b2 <HAL_RCC_OscConfig+0x1a>
        if((HAL_GetTick() - tickstart ) > LSI_TIMEOUT_VALUE)
 8000a02:	f7ff fec1 	bl	8000788 <HAL_GetTick>
 8000a06:	1bc0      	subs	r0, r0, r7
 8000a08:	2802      	cmp	r0, #2
 8000a0a:	d9ea      	bls.n	80009e2 <HAL_RCC_OscConfig+0x24a>
 8000a0c:	e723      	b.n	8000856 <HAL_RCC_OscConfig+0xbe>
    if(__HAL_RCC_PWR_IS_CLK_DISABLED())
 8000a0e:	491c      	ldr	r1, [pc, #112]	@ (8000a80 <HAL_RCC_OscConfig+0x2e8>)
 8000a10:	69cb      	ldr	r3, [r1, #28]
 8000a12:	00d8      	lsls	r0, r3, #3
 8000a14:	d431      	bmi.n	8000a7a <HAL_RCC_OscConfig+0x2e2>
      __HAL_RCC_PWR_CLK_ENABLE();
 8000a16:	69cb      	ldr	r3, [r1, #28]
 8000a18:	f043 5380 	orr.w	r3, r3, #268435456	@ 0x10000000
 8000a1c:	61cb      	str	r3, [r1, #28]
 8000a1e:	69cb      	ldr	r3, [r1, #28]
 8000a20:	f003 5380 	and.w	r3, r3, #268435456	@ 0x10000000
 8000a24:	9301      	str	r3, [sp, #4]
 8000a26:	9b01      	ldr	r3, [sp, #4]
      pwrclkchanged = SET;
 8000a28:	2501      	movs	r5, #1
    if(HAL_IS_BIT_CLR(PWR->CR, PWR_CR_DBP))
 8000a2a:	4e17      	ldr	r6, [pc, #92]	@ (8000a88 <HAL_RCC_OscConfig+0x2f0>)
 8000a2c:	6833      	ldr	r3, [r6, #0]
 8000a2e:	05da      	lsls	r2, r3, #23
 8000a30:	d52c      	bpl.n	8000a8c <HAL_RCC_OscConfig+0x2f4>
    __HAL_RCC_LSE_CONFIG(RCC_OscInitStruct->LSEState);
 8000a32:	68e3      	ldr	r3, [r4, #12]
 8000a34:	2b01      	cmp	r3, #1
 8000a36:	d139      	bne.n	8000aac <HAL_RCC_OscConfig+0x314>
 8000a38:	6a0b      	ldr	r3, [r1, #32]
 8000a3a:	f043 0301 	orr.w	r3, r3, #1
 8000a3e:	620b      	str	r3, [r1, #32]
      tickstart = HAL_GetTick();
 8000a40:	f7ff fea2 	bl	8000788 <HAL_GetTick>
 8000a44:	2602      	movs	r6, #2
 8000a46:	4607      	mov	r7, r0
      while(__HAL_RCC_GET_FLAG(RCC_FLAG_LSERDY) == RESET)
 8000a48:	f04f 0801 	mov.w	r8, #1
        if((HAL_GetTick() - tickstart ) > RCC_LSE_TIMEOUT_VALUE)
 8000a4c:	f241 3988 	movw	r9, #5000	@ 0x1388
 8000a50:	fa96 f3a6 	rbit	r3, r6
 8000a54:	fa96 f3a6 	rbit	r3, r6
      while(__HAL_RCC_GET_FLAG(RCC_FLAG_LSERDY) == RESET)
 8000a58:	6a0a      	ldr	r2, [r1, #32]
 8000a5a:	fa96 f3a6 	rbit	r3, r6
 8000a5e:	fab3 f383 	clz	r3, r3
 8000a62:	fa08 f303 	lsl.w	r3, r8, r3
 8000a66:	4213      	tst	r3, r2
 8000a68:	d052      	beq.n	8000b10 <HAL_RCC_OscConfig+0x378>
    if(pwrclkchanged == SET)
 8000a6a:	2d00      	cmp	r5, #0
 8000a6c:	f43f aea5 	beq.w	80007ba <HAL_RCC_OscConfig+0x22>
      __HAL_RCC_PWR_CLK_DISABLE();
 8000a70:	69cb      	ldr	r3, [r1, #28]
 8000a72:	f023 5380 	bic.w	r3, r3, #268435456	@ 0x10000000
 8000a76:	61cb      	str	r3, [r1, #28]
 8000a78:	e69f      	b.n	80007ba <HAL_RCC_OscConfig+0x22>
    FlagStatus       pwrclkchanged = RESET;
 8000a7a:	2500      	movs	r5, #0
 8000a7c:	e7d5      	b.n	8000a2a <HAL_RCC_OscConfig+0x292>
 8000a7e:	bf00      	nop
 8000a80:	40021000 	.word	0x40021000
 8000a84:	10908120 	.word	0x10908120
 8000a88:	40007000 	.word	0x40007000
      SET_BIT(PWR->CR, PWR_CR_DBP);
 8000a8c:	6833      	ldr	r3, [r6, #0]
 8000a8e:	f443 7380 	orr.w	r3, r3, #256	@ 0x100
 8000a92:	6033      	str	r3, [r6, #0]
      tickstart = HAL_GetTick();
 8000a94:	f7ff fe78 	bl	8000788 <HAL_GetTick>
 8000a98:	4607      	mov	r7, r0
      while(HAL_IS_BIT_CLR(PWR->CR, PWR_CR_DBP))
 8000a9a:	6833      	ldr	r3, [r6, #0]
 8000a9c:	05db      	lsls	r3, r3, #23
 8000a9e:	d4c8      	bmi.n	8000a32 <HAL_RCC_OscConfig+0x29a>
        if((HAL_GetTick() - tickstart) > RCC_DBP_TIMEOUT_VALUE)
 8000aa0:	f7ff fe72 	bl	8000788 <HAL_GetTick>
 8000aa4:	1bc0      	subs	r0, r0, r7
 8000aa6:	2864      	cmp	r0, #100	@ 0x64
 8000aa8:	d9f7      	bls.n	8000a9a <HAL_RCC_OscConfig+0x302>
 8000aaa:	e6d4      	b.n	8000856 <HAL_RCC_OscConfig+0xbe>
    __HAL_RCC_LSE_CONFIG(RCC_OscInitStruct->LSEState);
 8000aac:	bb13      	cbnz	r3, 8000af4 <HAL_RCC_OscConfig+0x35c>
 8000aae:	6a0b      	ldr	r3, [r1, #32]
 8000ab0:	f023 0301 	bic.w	r3, r3, #1
 8000ab4:	620b      	str	r3, [r1, #32]
 8000ab6:	6a0b      	ldr	r3, [r1, #32]
 8000ab8:	f023 0304 	bic.w	r3, r3, #4
 8000abc:	620b      	str	r3, [r1, #32]
      tickstart = HAL_GetTick();
 8000abe:	f7ff fe63 	bl	8000788 <HAL_GetTick>
 8000ac2:	2602      	movs	r6, #2
 8000ac4:	4607      	mov	r7, r0
      while(__HAL_RCC_GET_FLAG(RCC_FLAG_LSERDY) != RESET)
 8000ac6:	f04f 0801 	mov.w	r8, #1
        if((HAL_GetTick() - tickstart ) > RCC_LSE_TIMEOUT_VALUE)
 8000aca:	f241 3988 	movw	r9, #5000	@ 0x1388
 8000ace:	fa96 f3a6 	rbit	r3, r6
 8000ad2:	fa96 f3a6 	rbit	r3, r6
      while(__HAL_RCC_GET_FLAG(RCC_FLAG_LSERDY) != RESET)
 8000ad6:	6a0a      	ldr	r2, [r1, #32]
 8000ad8:	fa96 f3a6 	rbit	r3, r6
 8000adc:	fab3 f383 	clz	r3, r3
 8000ae0:	fa08 f303 	lsl.w	r3, r8, r3
 8000ae4:	4213      	tst	r3, r2
 8000ae6:	d0c0      	beq.n	8000a6a <HAL_RCC_OscConfig+0x2d2>
        if((HAL_GetTick() - tickstart ) > RCC_LSE_TIMEOUT_VALUE)
 8000ae8:	f7ff fe4e 	bl	8000788 <HAL_GetTick>
 8000aec:	1bc0      	subs	r0, r0, r7
 8000aee:	4548      	cmp	r0, r9
 8000af0:	d9ed      	bls.n	8000ace <HAL_RCC_OscConfig+0x336>
 8000af2:	e6b0      	b.n	8000856 <HAL_RCC_OscConfig+0xbe>
    __HAL_RCC_LSE_CONFIG(RCC_OscInitStruct->LSEState);
 8000af4:	2b05      	cmp	r3, #5
 8000af6:	6a0b      	ldr	r3, [r1, #32]
 8000af8:	d103      	bne.n	8000b02 <HAL_RCC_OscConfig+0x36a>
 8000afa:	f043 0304 	orr.w	r3, r3, #4
 8000afe:	620b      	str	r3, [r1, #32]
 8000b00:	e79a      	b.n	8000a38 <HAL_RCC_OscConfig+0x2a0>
 8000b02:	f023 0301 	bic.w	r3, r3, #1
 8000b06:	620b      	str	r3, [r1, #32]
 8000b08:	6a0b      	ldr	r3, [r1, #32]
 8000b0a:	f023 0304 	bic.w	r3, r3, #4
 8000b0e:	e796      	b.n	8000a3e <HAL_RCC_OscConfig+0x2a6>
        if((HAL_GetTick() - tickstart ) > RCC_LSE_TIMEOUT_VALUE)
 8000b10:	f7ff fe3a 	bl	8000788 <HAL_GetTick>
 8000b14:	1bc0      	subs	r0, r0, r7
 8000b16:	4548      	cmp	r0, r9
 8000b18:	d99a      	bls.n	8000a50 <HAL_RCC_OscConfig+0x2b8>
 8000b1a:	e69c      	b.n	8000856 <HAL_RCC_OscConfig+0xbe>
    if(__HAL_RCC_GET_SYSCLK_SOURCE() != RCC_SYSCLKSOURCE_STATUS_PLLCLK)
 8000b1c:	493f      	ldr	r1, [pc, #252]	@ (8000c1c <HAL_RCC_OscConfig+0x484>)
 8000b1e:	684b      	ldr	r3, [r1, #4]
 8000b20:	f003 030c 	and.w	r3, r3, #12
 8000b24:	2b08      	cmp	r3, #8
 8000b26:	f43f ae6d 	beq.w	8000804 <HAL_RCC_OscConfig+0x6c>
      if((RCC_OscInitStruct->PLL.PLLState) == RCC_PLL_ON)
 8000b2a:	2a02      	cmp	r2, #2
 8000b2c:	f04f 7380 	mov.w	r3, #16777216	@ 0x1000000
 8000b30:	d150      	bne.n	8000bd4 <HAL_RCC_OscConfig+0x43c>
 8000b32:	fa93 f3a3 	rbit	r3, r3
        __HAL_RCC_PLL_DISABLE();
 8000b36:	fab3 f383 	clz	r3, r3
 8000b3a:	f103 5384 	add.w	r3, r3, #276824064	@ 0x10800000
 8000b3e:	f503 1384 	add.w	r3, r3, #1081344	@ 0x108000
 8000b42:	009b      	lsls	r3, r3, #2
 8000b44:	2200      	movs	r2, #0
 8000b46:	601a      	str	r2, [r3, #0]
        tickstart = HAL_GetTick();
 8000b48:	f7ff fe1e 	bl	8000788 <HAL_GetTick>
          if((HAL_GetTick() - tickstart ) > PLL_TIMEOUT_VALUE)
 8000b4c:	f8df 80d0 	ldr.w	r8, [pc, #208]	@ 8000c20 <HAL_RCC_OscConfig+0x488>
        tickstart = HAL_GetTick();
 8000b50:	4606      	mov	r6, r0
 8000b52:	f04f 7700 	mov.w	r7, #33554432	@ 0x2000000
        while(__HAL_RCC_GET_FLAG(RCC_FLAG_PLLRDY)  != RESET)
 8000b56:	2501      	movs	r5, #1
 8000b58:	fa97 f3a7 	rbit	r3, r7
 8000b5c:	680a      	ldr	r2, [r1, #0]
 8000b5e:	fa97 f3a7 	rbit	r3, r7
 8000b62:	fab3 f383 	clz	r3, r3
 8000b66:	fa05 f303 	lsl.w	r3, r5, r3
 8000b6a:	4213      	tst	r3, r2
 8000b6c:	d12c      	bne.n	8000bc8 <HAL_RCC_OscConfig+0x430>
      __HAL_RCC_PLL_CONFIG(RCC_OscInitStruct->PLL.PLLSource,
 8000b6e:	e9d4 0308 	ldrd	r0, r3, [r4, #32]
 8000b72:	684a      	ldr	r2, [r1, #4]
 8000b74:	4303      	orrs	r3, r0
 8000b76:	f422 1274 	bic.w	r2, r2, #3997696	@ 0x3d0000
 8000b7a:	4313      	orrs	r3, r2
 8000b7c:	604b      	str	r3, [r1, #4]
 8000b7e:	f04f 7380 	mov.w	r3, #16777216	@ 0x1000000
 8000b82:	fa93 f3a3 	rbit	r3, r3
        __HAL_RCC_PLL_ENABLE();
 8000b86:	fab3 f383 	clz	r3, r3
 8000b8a:	f103 5384 	add.w	r3, r3, #276824064	@ 0x10800000
 8000b8e:	f503 1384 	add.w	r3, r3, #1081344	@ 0x108000
 8000b92:	009b      	lsls	r3, r3, #2
          if((HAL_GetTick() - tickstart ) > PLL_TIMEOUT_VALUE)
 8000b94:	4f22      	ldr	r7, [pc, #136]	@ (8000c20 <HAL_RCC_OscConfig+0x488>)
        __HAL_RCC_PLL_ENABLE();
 8000b96:	601d      	str	r5, [r3, #0]
        tickstart = HAL_GetTick();
 8000b98:	f7ff fdf6 	bl	8000788 <HAL_GetTick>
 8000b9c:	f04f 7500 	mov.w	r5, #33554432	@ 0x2000000
 8000ba0:	4604      	mov	r4, r0
        while(__HAL_RCC_GET_FLAG(RCC_FLAG_PLLRDY)  == RESET)
 8000ba2:	2601      	movs	r6, #1
 8000ba4:	fa95 f3a5 	rbit	r3, r5
 8000ba8:	680a      	ldr	r2, [r1, #0]
 8000baa:	fa95 f3a5 	rbit	r3, r5
 8000bae:	fab3 f383 	clz	r3, r3
 8000bb2:	fa06 f303 	lsl.w	r3, r6, r3
 8000bb6:	4213      	tst	r3, r2
 8000bb8:	f47f ae03 	bne.w	80007c2 <HAL_RCC_OscConfig+0x2a>
          if((HAL_GetTick() - tickstart ) > PLL_TIMEOUT_VALUE)
 8000bbc:	f7ff fde4 	bl	8000788 <HAL_GetTick>
 8000bc0:	1b00      	subs	r0, r0, r4
 8000bc2:	42b8      	cmp	r0, r7
 8000bc4:	d9ee      	bls.n	8000ba4 <HAL_RCC_OscConfig+0x40c>
 8000bc6:	e646      	b.n	8000856 <HAL_RCC_OscConfig+0xbe>
          if((HAL_GetTick() - tickstart ) > PLL_TIMEOUT_VALUE)
 8000bc8:	f7ff fdde 	bl	8000788 <HAL_GetTick>
 8000bcc:	1b83      	subs	r3, r0, r6
 8000bce:	4543      	cmp	r3, r8
 8000bd0:	d9c2      	bls.n	8000b58 <HAL_RCC_OscConfig+0x3c0>
 8000bd2:	e640      	b.n	8000856 <HAL_RCC_OscConfig+0xbe>
 8000bd4:	fa93 f3a3 	rbit	r3, r3
        __HAL_RCC_PLL_DISABLE();
 8000bd8:	fab3 f383 	clz	r3, r3
 8000bdc:	f103 5384 	add.w	r3, r3, #276824064	@ 0x10800000
 8000be0:	f503 1384 	add.w	r3, r3, #1081344	@ 0x108000
 8000be4:	009b      	lsls	r3, r3, #2
 8000be6:	2200      	movs	r2, #0
 8000be8:	601a      	str	r2, [r3, #0]
        tickstart = HAL_GetTick();
 8000bea:	f7ff fdcd 	bl	8000788 <HAL_GetTick>
          if((HAL_GetTick() - tickstart ) > PLL_TIMEOUT_VALUE)
 8000bee:	4f0c      	ldr	r7, [pc, #48]	@ (8000c20 <HAL_RCC_OscConfig+0x488>)
        tickstart = HAL_GetTick();
 8000bf0:	4604      	mov	r4, r0
 8000bf2:	f04f 7500 	mov.w	r5, #33554432	@ 0x2000000
        while(__HAL_RCC_GET_FLAG(RCC_FLAG_PLLRDY)  != RESET)
 8000bf6:	2601      	movs	r6, #1
 8000bf8:	fa95 f3a5 	rbit	r3, r5
 8000bfc:	680a      	ldr	r2, [r1, #0]
 8000bfe:	fa95 f3a5 	rbit	r3, r5
 8000c02:	fab3 f383 	clz	r3, r3
 8000c06:	fa06 f303 	lsl.w	r3, r6, r3
 8000c0a:	4213      	tst	r3, r2
 8000c0c:	f43f add9 	beq.w	80007c2 <HAL_RCC_OscConfig+0x2a>
          if((HAL_GetTick() - tickstart ) > PLL_TIMEOUT_VALUE)
 8000c10:	f7ff fdba 	bl	8000788 <HAL_GetTick>
 8000c14:	1b00      	subs	r0, r0, r4
 8000c16:	42b8      	cmp	r0, r7
 8000c18:	d9ee      	bls.n	8000bf8 <HAL_RCC_OscConfig+0x460>
 8000c1a:	e61c      	b.n	8000856 <HAL_RCC_OscConfig+0xbe>
 8000c1c:	40021000 	.word	0x40021000
 8000c20:	00030d40 	.word	0x00030d40

08000c24 <HAL_RCC_ClockConfig>:
  /* To correctly read data from FLASH memory, the number of wait states (LATENCY) 
  must be correctly programmed according to the frequency of the CPU clock 
    (HCLK) of the device. */

  /* Increasing the number of wait states because of higher CPU frequency */
  if(FLatency > (FLASH->ACR & FLASH_ACR_LATENCY))
 8000c24:	4a4d      	ldr	r2, [pc, #308]	@ (8000d5c <HAL_RCC_ClockConfig+0x138>)
{
 8000c26:	b5f8      	push	{r3, r4, r5, r6, r7, lr}
  if(FLatency > (FLASH->ACR & FLASH_ACR_LATENCY))
 8000c28:	6813      	ldr	r3, [r2, #0]
 8000c2a:	f003 0307 	and.w	r3, r3, #7
 8000c2e:	428b      	cmp	r3, r1
{
 8000c30:	4604      	mov	r4, r0
  if(FLatency > (FLASH->ACR & FLASH_ACR_LATENCY))
 8000c32:	d311      	bcc.n	8000c58 <HAL_RCC_ClockConfig+0x34>
      return HAL_ERROR;
    }
  }

  /*-------------------------- HCLK Configuration --------------------------*/
  if(((RCC_ClkInitStruct->ClockType) & RCC_CLOCKTYPE_HCLK) == RCC_CLOCKTYPE_HCLK)
 8000c34:	6822      	ldr	r2, [r4, #0]
 8000c36:	0795      	lsls	r5, r2, #30
 8000c38:	d41a      	bmi.n	8000c70 <HAL_RCC_ClockConfig+0x4c>
    assert_param(IS_RCC_HCLK(RCC_ClkInitStruct->AHBCLKDivider));
    MODIFY_REG(RCC->CFGR, RCC_CFGR_HPRE, RCC_ClkInitStruct->AHBCLKDivider);
  }

  /*------------------------- SYSCLK Configuration ---------------------------*/ 
  if(((RCC_ClkInitStruct->ClockType) & RCC_CLOCKTYPE_SYSCLK) == RCC_CLOCKTYPE_SYSCLK)
 8000c3a:	07d0      	lsls	r0, r2, #31
 8000c3c:	d420      	bmi.n	8000c80 <HAL_RCC_ClockConfig+0x5c>
        }
      }
    }      
  }    
  /* Decreasing the number of wait states because of lower CPU frequency */
  if(FLatency < (FLASH->ACR & FLASH_ACR_LATENCY))
 8000c3e:	4a47      	ldr	r2, [pc, #284]	@ (8000d5c <HAL_RCC_ClockConfig+0x138>)
 8000c40:	6813      	ldr	r3, [r2, #0]
 8000c42:	f003 0307 	and.w	r3, r3, #7
 8000c46:	428b      	cmp	r3, r1
 8000c48:	d86c      	bhi.n	8000d24 <HAL_RCC_ClockConfig+0x100>
      return HAL_ERROR;
    }
  }    

  /*-------------------------- PCLK1 Configuration ---------------------------*/ 
  if(((RCC_ClkInitStruct->ClockType) & RCC_CLOCKTYPE_PCLK1) == RCC_CLOCKTYPE_PCLK1)
 8000c4a:	6822      	ldr	r2, [r4, #0]
 8000c4c:	0751      	lsls	r1, r2, #29
 8000c4e:	d474      	bmi.n	8000d3a <HAL_RCC_ClockConfig+0x116>
    assert_param(IS_RCC_PCLK(RCC_ClkInitStruct->APB1CLKDivider));
    MODIFY_REG(RCC->CFGR, RCC_CFGR_PPRE1, RCC_ClkInitStruct->APB1CLKDivider);
  }
  
  /*-------------------------- PCLK2 Configuration ---------------------------*/ 
  if(((RCC_ClkInitStruct->ClockType) & RCC_CLOCKTYPE_PCLK2) == RCC_CLOCKTYPE_PCLK2)
 8000c50:	0713      	lsls	r3, r2, #28
 8000c52:	d47a      	bmi.n	8000d4a <HAL_RCC_ClockConfig+0x126>
  //SystemCoreClock = HAL_RCC_GetSysClockFreq() >> AHBPrescTable[(RCC->CFGR & RCC_CFGR_HPRE)>> RCC_CFGR_HPRE_BITNUMBER];

  /* Configure the source of time base considering new system clocks settings*/
  //HAL_InitTick (TICK_INT_PRIORITY);
  
  return HAL_OK;
 8000c54:	2000      	movs	r0, #0
 8000c56:	e00a      	b.n	8000c6e <HAL_RCC_ClockConfig+0x4a>
    __HAL_FLASH_SET_LATENCY(FLatency);
 8000c58:	6813      	ldr	r3, [r2, #0]
 8000c5a:	f023 0307 	bic.w	r3, r3, #7
 8000c5e:	430b      	orrs	r3, r1
 8000c60:	6013      	str	r3, [r2, #0]
    if((FLASH->ACR & FLASH_ACR_LATENCY) != FLatency)
 8000c62:	6813      	ldr	r3, [r2, #0]
 8000c64:	f003 0307 	and.w	r3, r3, #7
 8000c68:	428b      	cmp	r3, r1
 8000c6a:	d0e3      	beq.n	8000c34 <HAL_RCC_ClockConfig+0x10>
      return HAL_ERROR;
 8000c6c:	2001      	movs	r0, #1
}
 8000c6e:	bdf8      	pop	{r3, r4, r5, r6, r7, pc}
    MODIFY_REG(RCC->CFGR, RCC_CFGR_HPRE, RCC_ClkInitStruct->AHBCLKDivider);
 8000c70:	483b      	ldr	r0, [pc, #236]	@ (8000d60 <HAL_RCC_ClockConfig+0x13c>)
 8000c72:	68a5      	ldr	r5, [r4, #8]
 8000c74:	6843      	ldr	r3, [r0, #4]
 8000c76:	f023 03f0 	bic.w	r3, r3, #240	@ 0xf0
 8000c7a:	432b      	orrs	r3, r5
 8000c7c:	6043      	str	r3, [r0, #4]
 8000c7e:	e7dc      	b.n	8000c3a <HAL_RCC_ClockConfig+0x16>
    if(RCC_ClkInitStruct->SYSCLKSource == RCC_SYSCLKSOURCE_HSE)
 8000c80:	6862      	ldr	r2, [r4, #4]
 8000c82:	4d37      	ldr	r5, [pc, #220]	@ (8000d60 <HAL_RCC_ClockConfig+0x13c>)
 8000c84:	2a01      	cmp	r2, #1
 8000c86:	d125      	bne.n	8000cd4 <HAL_RCC_ClockConfig+0xb0>
 8000c88:	f44f 3300 	mov.w	r3, #131072	@ 0x20000
 8000c8c:	fa93 f0a3 	rbit	r0, r3
      if(__HAL_RCC_GET_FLAG(RCC_FLAG_HSERDY) == RESET)
 8000c90:	6828      	ldr	r0, [r5, #0]
 8000c92:	fa93 f3a3 	rbit	r3, r3
 8000c96:	fab3 f383 	clz	r3, r3
 8000c9a:	fa02 f303 	lsl.w	r3, r2, r3
 8000c9e:	4203      	tst	r3, r0
      if(__HAL_RCC_GET_FLAG(RCC_FLAG_HSIRDY) == RESET)
 8000ca0:	d0e4      	beq.n	8000c6c <HAL_RCC_ClockConfig+0x48>
    __HAL_RCC_SYSCLK_CONFIG(RCC_ClkInitStruct->SYSCLKSource);
 8000ca2:	686b      	ldr	r3, [r5, #4]
 8000ca4:	f023 0303 	bic.w	r3, r3, #3
 8000ca8:	4313      	orrs	r3, r2
 8000caa:	606b      	str	r3, [r5, #4]
    tickstart = HAL_GetTick();
 8000cac:	f7ff fd6c 	bl	8000788 <HAL_GetTick>
    if(RCC_ClkInitStruct->SYSCLKSource == RCC_SYSCLKSOURCE_HSE)
 8000cb0:	6863      	ldr	r3, [r4, #4]
 8000cb2:	2b01      	cmp	r3, #1
    tickstart = HAL_GetTick();
 8000cb4:	4606      	mov	r6, r0
        if((HAL_GetTick() - tickstart ) > CLOCKSWITCH_TIMEOUT_VALUE)
 8000cb6:	f241 3788 	movw	r7, #5000	@ 0x1388
    if(RCC_ClkInitStruct->SYSCLKSource == RCC_SYSCLKSOURCE_HSE)
 8000cba:	d11c      	bne.n	8000cf6 <HAL_RCC_ClockConfig+0xd2>
      while (__HAL_RCC_GET_SYSCLK_SOURCE() != RCC_SYSCLKSOURCE_STATUS_HSE)
 8000cbc:	686b      	ldr	r3, [r5, #4]
 8000cbe:	f003 030c 	and.w	r3, r3, #12
 8000cc2:	2b04      	cmp	r3, #4
 8000cc4:	d0bb      	beq.n	8000c3e <HAL_RCC_ClockConfig+0x1a>
        if((HAL_GetTick() - tickstart ) > CLOCKSWITCH_TIMEOUT_VALUE)
 8000cc6:	f7ff fd5f 	bl	8000788 <HAL_GetTick>
 8000cca:	1b80      	subs	r0, r0, r6
 8000ccc:	42b8      	cmp	r0, r7
 8000cce:	d9f5      	bls.n	8000cbc <HAL_RCC_ClockConfig+0x98>
          return HAL_TIMEOUT;
 8000cd0:	2003      	movs	r0, #3
 8000cd2:	e7cc      	b.n	8000c6e <HAL_RCC_ClockConfig+0x4a>
    else if(RCC_ClkInitStruct->SYSCLKSource == RCC_SYSCLKSOURCE_PLLCLK)
 8000cd4:	2a02      	cmp	r2, #2
 8000cd6:	bf0c      	ite	eq
 8000cd8:	f04f 7300 	moveq.w	r3, #33554432	@ 0x2000000
 8000cdc:	2302      	movne	r3, #2
 8000cde:	fa93 f0a3 	rbit	r0, r3
      if(__HAL_RCC_GET_FLAG(RCC_FLAG_HSIRDY) == RESET)
 8000ce2:	682e      	ldr	r6, [r5, #0]
 8000ce4:	fa93 f3a3 	rbit	r3, r3
 8000ce8:	2001      	movs	r0, #1
 8000cea:	fab3 f383 	clz	r3, r3
 8000cee:	fa00 f303 	lsl.w	r3, r0, r3
 8000cf2:	4233      	tst	r3, r6
 8000cf4:	e7d4      	b.n	8000ca0 <HAL_RCC_ClockConfig+0x7c>
    else if(RCC_ClkInitStruct->SYSCLKSource == RCC_SYSCLKSOURCE_PLLCLK)
 8000cf6:	2b02      	cmp	r3, #2
 8000cf8:	d10f      	bne.n	8000d1a <HAL_RCC_ClockConfig+0xf6>
      while (__HAL_RCC_GET_SYSCLK_SOURCE() != RCC_SYSCLKSOURCE_STATUS_PLLCLK)
 8000cfa:	686b      	ldr	r3, [r5, #4]
 8000cfc:	f003 030c 	and.w	r3, r3, #12
 8000d00:	2b08      	cmp	r3, #8
 8000d02:	d09c      	beq.n	8000c3e <HAL_RCC_ClockConfig+0x1a>
        if((HAL_GetTick() - tickstart ) > CLOCKSWITCH_TIMEOUT_VALUE)
 8000d04:	f7ff fd40 	bl	8000788 <HAL_GetTick>
 8000d08:	1b80      	subs	r0, r0, r6
 8000d0a:	42b8      	cmp	r0, r7
 8000d0c:	d9f5      	bls.n	8000cfa <HAL_RCC_ClockConfig+0xd6>
 8000d0e:	e7df      	b.n	8000cd0 <HAL_RCC_ClockConfig+0xac>
        if((HAL_GetTick() - tickstart ) > CLOCKSWITCH_TIMEOUT_VALUE)
 8000d10:	f7ff fd3a 	bl	8000788 <HAL_GetTick>
 8000d14:	1b80      	subs	r0, r0, r6
 8000d16:	42b8      	cmp	r0, r7
 8000d18:	d8da      	bhi.n	8000cd0 <HAL_RCC_ClockConfig+0xac>
      while (__HAL_RCC_GET_SYSCLK_SOURCE() != RCC_SYSCLKSOURCE_STATUS_HSI)
 8000d1a:	686b      	ldr	r3, [r5, #4]
 8000d1c:	f013 0f0c 	tst.w	r3, #12
 8000d20:	d1f6      	bne.n	8000d10 <HAL_RCC_ClockConfig+0xec>
 8000d22:	e78c      	b.n	8000c3e <HAL_RCC_ClockConfig+0x1a>
    __HAL_FLASH_SET_LATENCY(FLatency);
 8000d24:	6813      	ldr	r3, [r2, #0]
 8000d26:	f023 0307 	bic.w	r3, r3, #7
 8000d2a:	430b      	orrs	r3, r1
 8000d2c:	6013      	str	r3, [r2, #0]
    if((FLASH->ACR & FLASH_ACR_LATENCY) != FLatency)
 8000d2e:	6813      	ldr	r3, [r2, #0]
 8000d30:	f003 0307 	and.w	r3, r3, #7
 8000d34:	428b      	cmp	r3, r1
 8000d36:	d199      	bne.n	8000c6c <HAL_RCC_ClockConfig+0x48>
 8000d38:	e787      	b.n	8000c4a <HAL_RCC_ClockConfig+0x26>
    MODIFY_REG(RCC->CFGR, RCC_CFGR_PPRE1, RCC_ClkInitStruct->APB1CLKDivider);
 8000d3a:	4909      	ldr	r1, [pc, #36]	@ (8000d60 <HAL_RCC_ClockConfig+0x13c>)
 8000d3c:	68e0      	ldr	r0, [r4, #12]
 8000d3e:	684b      	ldr	r3, [r1, #4]
 8000d40:	f423 63e0 	bic.w	r3, r3, #1792	@ 0x700
 8000d44:	4303      	orrs	r3, r0
 8000d46:	604b      	str	r3, [r1, #4]
 8000d48:	e782      	b.n	8000c50 <HAL_RCC_ClockConfig+0x2c>
    MODIFY_REG(RCC->CFGR, RCC_CFGR_PPRE2, ((RCC_ClkInitStruct->APB2CLKDivider) << 3U));
 8000d4a:	4a05      	ldr	r2, [pc, #20]	@ (8000d60 <HAL_RCC_ClockConfig+0x13c>)
 8000d4c:	6921      	ldr	r1, [r4, #16]
 8000d4e:	6853      	ldr	r3, [r2, #4]
 8000d50:	f423 5360 	bic.w	r3, r3, #14336	@ 0x3800
 8000d54:	ea43 03c1 	orr.w	r3, r3, r1, lsl #3
 8000d58:	6053      	str	r3, [r2, #4]
 8000d5a:	e77b      	b.n	8000c54 <HAL_RCC_ClockConfig+0x30>
 8000d5c:	40022000 	.word	0x40022000
 8000d60:	40021000 	.word	0x40021000

08000d64 <HAL_GPIO_Init>:
  * @param  GPIO_Init: pointer to a GPIO_InitTypeDef structure that contains
  *         the configuration information for the specified GPIO peripheral.
  * @retval None
  */
void HAL_GPIO_Init(GPIO_TypeDef  *GPIOx, GPIO_InitTypeDef *GPIO_Init)
{
 8000d64:	e92d 4ff7 	stmdb	sp!, {r0, r1, r2, r4, r5, r6, r7, r8, r9, sl, fp, lr}
      /*--------------------- EXTI Mode Configuration ------------------------*/
      /* Configure the External Interrupt or event for the current IO */
      if((GPIO_Init->Mode & EXTI_MODE) == EXTI_MODE)
      {
        /* Enable SYSCFG Clock */
        __HAL_RCC_SYSCFG_CLK_ENABLE();
 8000d68:	f8df 8168 	ldr.w	r8, [pc, #360]	@ 8000ed4 <HAL_GPIO_Init+0x170>
        temp &= ~((0x0FU) << (4U * (position & 0x03U)));
        temp |= (GPIO_GET_INDEX(GPIOx) << (4U * (position & 0x03U)));
        SYSCFG->EXTICR[position >> 2] = temp;

        /* Clear EXTI line configuration */
        temp = EXTI->IMR;
 8000d6c:	4c5a      	ldr	r4, [pc, #360]	@ (8000ed8 <HAL_GPIO_Init+0x174>)
  uint32_t position = 0x00U;
 8000d6e:	2300      	movs	r3, #0
        temp &= ~((0x0FU) << (4U * (position & 0x03U)));
 8000d70:	f04f 090f 	mov.w	r9, #15
  while (((GPIO_Init->Pin) >> position) != RESET)
 8000d74:	680a      	ldr	r2, [r1, #0]
 8000d76:	fa32 f503 	lsrs.w	r5, r2, r3
 8000d7a:	d102      	bne.n	8000d82 <HAL_GPIO_Init+0x1e>
      }
    }
    
    position++;
  }
}
 8000d7c:	b003      	add	sp, #12
 8000d7e:	e8bd 8ff0 	ldmia.w	sp!, {r4, r5, r6, r7, r8, r9, sl, fp, pc}
    iocurrent = (GPIO_Init->Pin) & (1U << position);
 8000d82:	2501      	movs	r5, #1
 8000d84:	fa05 fa03 	lsl.w	sl, r5, r3
    if(iocurrent)
 8000d88:	ea1a 0202 	ands.w	r2, sl, r2
 8000d8c:	f000 8098 	beq.w	8000ec0 <HAL_GPIO_Init+0x15c>
      if((GPIO_Init->Mode == GPIO_MODE_AF_PP) || (GPIO_Init->Mode == GPIO_MODE_AF_OD))
 8000d90:	684d      	ldr	r5, [r1, #4]
 8000d92:	f025 0e10 	bic.w	lr, r5, #16
 8000d96:	f1be 0f02 	cmp.w	lr, #2
 8000d9a:	d111      	bne.n	8000dc0 <HAL_GPIO_Init+0x5c>
        temp = GPIOx->AFR[position >> 3];
 8000d9c:	08df      	lsrs	r7, r3, #3
 8000d9e:	eb00 0787 	add.w	r7, r0, r7, lsl #2
        temp &= ~(0xFU << ((uint32_t)(position & 0x07U) * 4U)) ;
 8000da2:	f003 0c07 	and.w	ip, r3, #7
        temp = GPIOx->AFR[position >> 3];
 8000da6:	6a3e      	ldr	r6, [r7, #32]
        temp &= ~(0xFU << ((uint32_t)(position & 0x07U) * 4U)) ;
 8000da8:	ea4f 0c8c 	mov.w	ip, ip, lsl #2
 8000dac:	fa09 fb0c 	lsl.w	fp, r9, ip
 8000db0:	ea26 0b0b 	bic.w	fp, r6, fp
        temp |= ((uint32_t)(GPIO_Init->Alternate) << (((uint32_t)position & 0x07U) * 4U));
 8000db4:	690e      	ldr	r6, [r1, #16]
 8000db6:	fa06 f60c 	lsl.w	r6, r6, ip
 8000dba:	ea46 060b 	orr.w	r6, r6, fp
        GPIOx->AFR[position >> 3] = temp;
 8000dbe:	623e      	str	r6, [r7, #32]
      temp = GPIOx->MODER;
 8000dc0:	f8d0 b000 	ldr.w	fp, [r0]
      temp &= ~(GPIO_MODER_MODER0 << (position * 2U));
 8000dc4:	ea4f 0c43 	mov.w	ip, r3, lsl #1
 8000dc8:	2603      	movs	r6, #3
 8000dca:	fa06 f70c 	lsl.w	r7, r6, ip
 8000dce:	ea2b 0b07 	bic.w	fp, fp, r7
 8000dd2:	43fe      	mvns	r6, r7
      temp |= ((GPIO_Init->Mode & GPIO_MODE) << (position * 2U));
 8000dd4:	f005 0703 	and.w	r7, r5, #3
 8000dd8:	fa07 f70c 	lsl.w	r7, r7, ip
      if((GPIO_Init->Mode == GPIO_MODE_OUTPUT_PP) || (GPIO_Init->Mode == GPIO_MODE_AF_PP) ||
 8000ddc:	f10e 3eff 	add.w	lr, lr, #4294967295	@ 0xffffffff
      temp |= ((GPIO_Init->Mode & GPIO_MODE) << (position * 2U));
 8000de0:	ea47 070b 	orr.w	r7, r7, fp
      if((GPIO_Init->Mode == GPIO_MODE_OUTPUT_PP) || (GPIO_Init->Mode == GPIO_MODE_AF_PP) ||
 8000de4:	f1be 0f01 	cmp.w	lr, #1
      GPIOx->MODER = temp;
 8000de8:	6007      	str	r7, [r0, #0]
      if((GPIO_Init->Mode == GPIO_MODE_OUTPUT_PP) || (GPIO_Init->Mode == GPIO_MODE_AF_PP) ||
 8000dea:	d810      	bhi.n	8000e0e <HAL_GPIO_Init+0xaa>
        temp = GPIOx->OSPEEDR;
 8000dec:	6887      	ldr	r7, [r0, #8]
        temp &= ~(GPIO_OSPEEDER_OSPEEDR0 << (position * 2U));
 8000dee:	ea06 0e07 	and.w	lr, r6, r7
        temp |= (GPIO_Init->Speed << (position * 2U));
 8000df2:	68cf      	ldr	r7, [r1, #12]
 8000df4:	fa07 f70c 	lsl.w	r7, r7, ip
 8000df8:	ea47 070e 	orr.w	r7, r7, lr
        GPIOx->OSPEEDR = temp;
 8000dfc:	6087      	str	r7, [r0, #8]
        temp = GPIOx->OTYPER;
 8000dfe:	6847      	ldr	r7, [r0, #4]
        temp &= ~(GPIO_OTYPER_OT_0 << position) ;
 8000e00:	ea27 0e0a 	bic.w	lr, r7, sl
        temp |= (((GPIO_Init->Mode & GPIO_OUTPUT_TYPE) >> 4U) << position);
 8000e04:	092f      	lsrs	r7, r5, #4
 8000e06:	409f      	lsls	r7, r3
 8000e08:	ea47 070e 	orr.w	r7, r7, lr
        GPIOx->OTYPER = temp;
 8000e0c:	6047      	str	r7, [r0, #4]
      temp = GPIOx->PUPDR;
 8000e0e:	68c7      	ldr	r7, [r0, #12]
      temp &= ~(GPIO_PUPDR_PUPDR0 << (position * 2U));
 8000e10:	4037      	ands	r7, r6
      temp |= ((GPIO_Init->Pull) << (position * 2U));
 8000e12:	688e      	ldr	r6, [r1, #8]
 8000e14:	fa06 f60c 	lsl.w	r6, r6, ip
 8000e18:	433e      	orrs	r6, r7
      GPIOx->PUPDR = temp;
 8000e1a:	60c6      	str	r6, [r0, #12]
      if((GPIO_Init->Mode & EXTI_MODE) == EXTI_MODE)
 8000e1c:	00ee      	lsls	r6, r5, #3
 8000e1e:	d54f      	bpl.n	8000ec0 <HAL_GPIO_Init+0x15c>
        __HAL_RCC_SYSCFG_CLK_ENABLE();
 8000e20:	f8d8 6018 	ldr.w	r6, [r8, #24]
 8000e24:	f046 0601 	orr.w	r6, r6, #1
 8000e28:	f8c8 6018 	str.w	r6, [r8, #24]
 8000e2c:	f8d8 6018 	ldr.w	r6, [r8, #24]
 8000e30:	f023 0703 	bic.w	r7, r3, #3
 8000e34:	f107 4780 	add.w	r7, r7, #1073741824	@ 0x40000000
 8000e38:	f006 0601 	and.w	r6, r6, #1
 8000e3c:	f507 3780 	add.w	r7, r7, #65536	@ 0x10000
 8000e40:	9601      	str	r6, [sp, #4]
        temp &= ~((0x0FU) << (4U * (position & 0x03U)));
 8000e42:	f003 0c03 	and.w	ip, r3, #3
        __HAL_RCC_SYSCFG_CLK_ENABLE();
 8000e46:	9e01      	ldr	r6, [sp, #4]
        temp = SYSCFG->EXTICR[position >> 2];
 8000e48:	68be      	ldr	r6, [r7, #8]
        temp &= ~((0x0FU) << (4U * (position & 0x03U)));
 8000e4a:	ea4f 0c8c 	mov.w	ip, ip, lsl #2
 8000e4e:	fa09 fe0c 	lsl.w	lr, r9, ip
        temp |= (GPIO_GET_INDEX(GPIOx) << (4U * (position & 0x03U)));
 8000e52:	f1b0 4f90 	cmp.w	r0, #1207959552	@ 0x48000000
        temp &= ~((0x0FU) << (4U * (position & 0x03U)));
 8000e56:	ea26 0e0e 	bic.w	lr, r6, lr
        temp |= (GPIO_GET_INDEX(GPIOx) << (4U * (position & 0x03U)));
 8000e5a:	d033      	beq.n	8000ec4 <HAL_GPIO_Init+0x160>
 8000e5c:	4e1f      	ldr	r6, [pc, #124]	@ (8000edc <HAL_GPIO_Init+0x178>)
 8000e5e:	42b0      	cmp	r0, r6
 8000e60:	d032      	beq.n	8000ec8 <HAL_GPIO_Init+0x164>
 8000e62:	f506 6680 	add.w	r6, r6, #1024	@ 0x400
 8000e66:	42b0      	cmp	r0, r6
 8000e68:	d030      	beq.n	8000ecc <HAL_GPIO_Init+0x168>
 8000e6a:	f506 6680 	add.w	r6, r6, #1024	@ 0x400
 8000e6e:	42b0      	cmp	r0, r6
 8000e70:	d02e      	beq.n	8000ed0 <HAL_GPIO_Init+0x16c>
 8000e72:	f506 6680 	add.w	r6, r6, #1024	@ 0x400
 8000e76:	42b0      	cmp	r0, r6
 8000e78:	bf14      	ite	ne
 8000e7a:	2605      	movne	r6, #5
 8000e7c:	2604      	moveq	r6, #4
 8000e7e:	fa06 f60c 	lsl.w	r6, r6, ip
 8000e82:	ea46 060e 	orr.w	r6, r6, lr
        SYSCFG->EXTICR[position >> 2] = temp;
 8000e86:	60be      	str	r6, [r7, #8]
        temp = EXTI->IMR;
 8000e88:	6826      	ldr	r6, [r4, #0]
        temp &= ~((uint32_t)iocurrent);
 8000e8a:	43d7      	mvns	r7, r2
        if((GPIO_Init->Mode & GPIO_MODE_IT) == GPIO_MODE_IT)
 8000e8c:	f415 3f80 	tst.w	r5, #65536	@ 0x10000
        temp &= ~((uint32_t)iocurrent);
 8000e90:	bf0c      	ite	eq
 8000e92:	403e      	andeq	r6, r7
          temp |= iocurrent;
 8000e94:	4316      	orrne	r6, r2
        EXTI->IMR = temp;
 8000e96:	6026      	str	r6, [r4, #0]
        temp = EXTI->EMR;
 8000e98:	6866      	ldr	r6, [r4, #4]
        if((GPIO_Init->Mode & GPIO_MODE_EVT) == GPIO_MODE_EVT)
 8000e9a:	f415 3f00 	tst.w	r5, #131072	@ 0x20000
        temp &= ~((uint32_t)iocurrent);
 8000e9e:	bf0c      	ite	eq
 8000ea0:	403e      	andeq	r6, r7
          temp |= iocurrent;
 8000ea2:	4316      	orrne	r6, r2
        EXTI->EMR = temp;
 8000ea4:	6066      	str	r6, [r4, #4]
        temp = EXTI->RTSR;
 8000ea6:	68a6      	ldr	r6, [r4, #8]
        if((GPIO_Init->Mode & RISING_EDGE) == RISING_EDGE)
 8000ea8:	f415 1f80 	tst.w	r5, #1048576	@ 0x100000
        temp &= ~((uint32_t)iocurrent);
 8000eac:	bf0c      	ite	eq
 8000eae:	403e      	andeq	r6, r7
          temp |= iocurrent;
 8000eb0:	4316      	orrne	r6, r2
        EXTI->RTSR = temp;
 8000eb2:	60a6      	str	r6, [r4, #8]
        temp = EXTI->FTSR;
 8000eb4:	68e6      	ldr	r6, [r4, #12]
        if((GPIO_Init->Mode & FALLING_EDGE) == FALLING_EDGE)
 8000eb6:	02ad      	lsls	r5, r5, #10
        temp &= ~((uint32_t)iocurrent);
 8000eb8:	bf54      	ite	pl
 8000eba:	403e      	andpl	r6, r7
          temp |= iocurrent;
 8000ebc:	4316      	orrmi	r6, r2
        EXTI->FTSR = temp;
 8000ebe:	60e6      	str	r6, [r4, #12]
    position++;
 8000ec0:	3301      	adds	r3, #1
 8000ec2:	e757      	b.n	8000d74 <HAL_GPIO_Init+0x10>
        temp |= (GPIO_GET_INDEX(GPIOx) << (4U * (position & 0x03U)));
 8000ec4:	2600      	movs	r6, #0
 8000ec6:	e7da      	b.n	8000e7e <HAL_GPIO_Init+0x11a>
 8000ec8:	2601      	movs	r6, #1
 8000eca:	e7d8      	b.n	8000e7e <HAL_GPIO_Init+0x11a>
 8000ecc:	2602      	movs	r6, #2
 8000ece:	e7d6      	b.n	8000e7e <HAL_GPIO_Init+0x11a>
 8000ed0:	2603      	movs	r6, #3
 8000ed2:	e7d4      	b.n	8000e7e <HAL_GPIO_Init+0x11a>
 8000ed4:	40021000 	.word	0x40021000
 8000ed8:	40010400 	.word	0x40010400
 8000edc:	48000400 	.word	0x48000400

08000ee0 <HAL_GPIO_WritePin>:
{
  /* Check the parameters */
  assert_param(IS_GPIO_PIN(GPIO_Pin));
  assert_param(IS_GPIO_PIN_ACTION(PinState));

  if(PinState != GPIO_PIN_RESET)
 8000ee0:	b10a      	cbz	r2, 8000ee6 <HAL_GPIO_WritePin+0x6>
  {
    GPIOx->BSRR = (uint32_t)GPIO_Pin;
 8000ee2:	6181      	str	r1, [r0, #24]
 8000ee4:	4770      	bx	lr
  }
  else
  {
    GPIOx->BRR = (uint32_t)GPIO_Pin;
 8000ee6:	6281      	str	r1, [r0, #40]	@ 0x28
  }
}
 8000ee8:	4770      	bx	lr
 8000eea:	0000      	movs	r0, r0

08000eec <UART_SetConfig>:
   *  set the M bits according to huart->Init.WordLength value
   *  set PCE and PS bits according to huart->Init.Parity value
   *  set TE and RE bits according to huart->Init.Mode value
   *  set OVER8 bit according to huart->Init.OverSampling value */
  tmpreg = (uint32_t)huart->Init.WordLength | huart->Init.Parity | huart->Init.Mode | huart->Init.OverSampling ;
  MODIFY_REG(huart->Instance->CR1, UART_CR1_FIELDS, tmpreg);
 8000eec:	6802      	ldr	r2, [r0, #0]
  tmpreg = (uint32_t)huart->Init.WordLength | huart->Init.Parity | huart->Init.Mode | huart->Init.OverSampling ;
 8000eee:	6883      	ldr	r3, [r0, #8]
 8000ef0:	69c1      	ldr	r1, [r0, #28]
{
 8000ef2:	b530      	push	{r4, r5, lr}
  tmpreg = (uint32_t)huart->Init.WordLength | huart->Init.Parity | huart->Init.Mode | huart->Init.OverSampling ;
 8000ef4:	6905      	ldr	r5, [r0, #16]
  MODIFY_REG(huart->Instance->CR1, UART_CR1_FIELDS, tmpreg);
 8000ef6:	6814      	ldr	r4, [r2, #0]
  tmpreg = (uint32_t)huart->Init.WordLength | huart->Init.Parity | huart->Init.Mode | huart->Init.OverSampling ;
 8000ef8:	432b      	orrs	r3, r5
 8000efa:	6945      	ldr	r5, [r0, #20]
  MODIFY_REG(huart->Instance->CR1, UART_CR1_FIELDS, tmpreg);
 8000efc:	f424 4416 	bic.w	r4, r4, #38400	@ 0x9600
  tmpreg = (uint32_t)huart->Init.WordLength | huart->Init.Parity | huart->Init.Mode | huart->Init.OverSampling ;
 8000f00:	432b      	orrs	r3, r5
  MODIFY_REG(huart->Instance->CR1, UART_CR1_FIELDS, tmpreg);
 8000f02:	f024 040c 	bic.w	r4, r4, #12
  tmpreg = (uint32_t)huart->Init.WordLength | huart->Init.Parity | huart->Init.Mode | huart->Init.OverSampling ;
 8000f06:	430b      	orrs	r3, r1
  MODIFY_REG(huart->Instance->CR1, UART_CR1_FIELDS, tmpreg);
 8000f08:	4323      	orrs	r3, r4
 8000f0a:	6013      	str	r3, [r2, #0]

  /*-------------------------- USART CR2 Configuration -----------------------*/
  /* Configure the UART Stop Bits: Set STOP[13:12] bits according
   * to huart->Init.StopBits value */
  MODIFY_REG(huart->Instance->CR2, USART_CR2_STOP, huart->Init.StopBits);
 8000f0c:	6853      	ldr	r3, [r2, #4]
 8000f0e:	68c4      	ldr	r4, [r0, #12]
  /* Configure
   * - UART HardWare Flow Control: set CTSE and RTSE bits according
   *   to huart->Init.HwFlowCtl value
   * - one-bit sampling method versus three samples' majority rule according
   *   to huart->Init.OneBitSampling */
  tmpreg = (uint32_t)huart->Init.HwFlowCtl | huart->Init.OneBitSampling ;
 8000f10:	6a05      	ldr	r5, [r0, #32]
  MODIFY_REG(huart->Instance->CR2, USART_CR2_STOP, huart->Init.StopBits);
 8000f12:	f423 5340 	bic.w	r3, r3, #12288	@ 0x3000
 8000f16:	4323      	orrs	r3, r4
 8000f18:	6053      	str	r3, [r2, #4]
  MODIFY_REG(huart->Instance->CR3, (USART_CR3_RTSE | USART_CR3_CTSE | USART_CR3_ONEBIT), tmpreg);
 8000f1a:	6894      	ldr	r4, [r2, #8]
  tmpreg = (uint32_t)huart->Init.HwFlowCtl | huart->Init.OneBitSampling ;
 8000f1c:	6983      	ldr	r3, [r0, #24]
  MODIFY_REG(huart->Instance->CR3, (USART_CR3_RTSE | USART_CR3_CTSE | USART_CR3_ONEBIT), tmpreg);
 8000f1e:	f424 6430 	bic.w	r4, r4, #2816	@ 0xb00
  tmpreg = (uint32_t)huart->Init.HwFlowCtl | huart->Init.OneBitSampling ;
 8000f22:	432b      	orrs	r3, r5
  MODIFY_REG(huart->Instance->CR3, (USART_CR3_RTSE | USART_CR3_CTSE | USART_CR3_ONEBIT), tmpreg);
 8000f24:	4323      	orrs	r3, r4
 8000f26:	6093      	str	r3, [r2, #8]

  /*-------------------------- USART BRR Configuration -----------------------*/
  UART_GETCLOCKSOURCE(huart, clocksource);
 8000f28:	4b42      	ldr	r3, [pc, #264]	@ (8001034 <UART_SetConfig+0x148>)
 8000f2a:	429a      	cmp	r2, r3
 8000f2c:	d111      	bne.n	8000f52 <UART_SetConfig+0x66>
 8000f2e:	f503 4358 	add.w	r3, r3, #55296	@ 0xd800
 8000f32:	6b1b      	ldr	r3, [r3, #48]	@ 0x30
 8000f34:	f003 0303 	and.w	r3, r3, #3
 8000f38:	2b02      	cmp	r3, #2
 8000f3a:	d05f      	beq.n	8000ffc <UART_SetConfig+0x110>
 8000f3c:	2b03      	cmp	r3, #3
 8000f3e:	d065      	beq.n	800100c <UART_SetConfig+0x120>

  /* Check UART Over Sampling to set Baud Rate Register */
  if (huart->Init.OverSampling == UART_OVERSAMPLING_8)
 8000f40:	f5b1 4f00 	cmp.w	r1, #32768	@ 0x8000
  {
    switch (clocksource)
    {
      case UART_CLOCKSOURCE_PCLK1:
        usartdiv = (uint16_t)(UART_DIV_SAMPLING8(HAL_RCC_GetPCLK1Freq(), huart->Init.BaudRate));
 8000f44:	6841      	ldr	r1, [r0, #4]
 8000f46:	ea4f 0351 	mov.w	r3, r1, lsr #1
  if (huart->Init.OverSampling == UART_OVERSAMPLING_8)
 8000f4a:	d045      	beq.n	8000fd8 <UART_SetConfig+0xec>
    {
      case UART_CLOCKSOURCE_PCLK1:
        huart->Instance->BRR = (uint16_t)(UART_DIV_SAMPLING16(HAL_RCC_GetPCLK1Freq(), huart->Init.BaudRate));
        break;
      case UART_CLOCKSOURCE_PCLK2:
        huart->Instance->BRR = (uint16_t)(UART_DIV_SAMPLING16(HAL_RCC_GetPCLK2Freq(), huart->Init.BaudRate));
 8000f4c:	f503 03e1 	add.w	r3, r3, #7372800	@ 0x708000
 8000f50:	e048      	b.n	8000fe4 <UART_SetConfig+0xf8>
  UART_GETCLOCKSOURCE(huart, clocksource);
 8000f52:	4b39      	ldr	r3, [pc, #228]	@ (8001038 <UART_SetConfig+0x14c>)
 8000f54:	429a      	cmp	r2, r3
 8000f56:	d112      	bne.n	8000f7e <UART_SetConfig+0x92>
 8000f58:	f503 33e6 	add.w	r3, r3, #117760	@ 0x1cc00
 8000f5c:	6b1b      	ldr	r3, [r3, #48]	@ 0x30
 8000f5e:	f403 3340 	and.w	r3, r3, #196608	@ 0x30000
 8000f62:	f5b3 3f00 	cmp.w	r3, #131072	@ 0x20000
 8000f66:	d049      	beq.n	8000ffc <UART_SetConfig+0x110>
 8000f68:	d9ea      	bls.n	8000f40 <UART_SetConfig+0x54>
 8000f6a:	f5b3 3f40 	cmp.w	r3, #196608	@ 0x30000
 8000f6e:	d04d      	beq.n	800100c <UART_SetConfig+0x120>
  if (huart->Init.OverSampling == UART_OVERSAMPLING_8)
 8000f70:	f5b1 4f00 	cmp.w	r1, #32768	@ 0x8000
        ret = HAL_ERROR;
 8000f74:	f04f 0001 	mov.w	r0, #1
  if (huart->Init.OverSampling == UART_OVERSAMPLING_8)
 8000f78:	d15b      	bne.n	8001032 <UART_SetConfig+0x146>
  uint16_t usartdiv                   = 0x0000U;
 8000f7a:	2300      	movs	r3, #0
 8000f7c:	e053      	b.n	8001026 <UART_SetConfig+0x13a>
  UART_GETCLOCKSOURCE(huart, clocksource);
 8000f7e:	4b2f      	ldr	r3, [pc, #188]	@ (800103c <UART_SetConfig+0x150>)
 8000f80:	429a      	cmp	r2, r3
 8000f82:	d10b      	bne.n	8000f9c <UART_SetConfig+0xb0>
 8000f84:	f503 33e4 	add.w	r3, r3, #116736	@ 0x1c800
 8000f88:	6b1b      	ldr	r3, [r3, #48]	@ 0x30
 8000f8a:	f403 2340 	and.w	r3, r3, #786432	@ 0xc0000
 8000f8e:	f5b3 2f00 	cmp.w	r3, #524288	@ 0x80000
 8000f92:	d033      	beq.n	8000ffc <UART_SetConfig+0x110>
 8000f94:	d9d4      	bls.n	8000f40 <UART_SetConfig+0x54>
 8000f96:	f5b3 2f40 	cmp.w	r3, #786432	@ 0xc0000
 8000f9a:	e7e8      	b.n	8000f6e <UART_SetConfig+0x82>
 8000f9c:	4b28      	ldr	r3, [pc, #160]	@ (8001040 <UART_SetConfig+0x154>)
 8000f9e:	429a      	cmp	r2, r3
 8000fa0:	d10b      	bne.n	8000fba <UART_SetConfig+0xce>
 8000fa2:	f503 33e2 	add.w	r3, r3, #115712	@ 0x1c400
 8000fa6:	6b1b      	ldr	r3, [r3, #48]	@ 0x30
 8000fa8:	f403 1340 	and.w	r3, r3, #3145728	@ 0x300000
 8000fac:	f5b3 1f00 	cmp.w	r3, #2097152	@ 0x200000
 8000fb0:	d024      	beq.n	8000ffc <UART_SetConfig+0x110>
 8000fb2:	d9c5      	bls.n	8000f40 <UART_SetConfig+0x54>
 8000fb4:	f5b3 1f40 	cmp.w	r3, #3145728	@ 0x300000
 8000fb8:	e7d9      	b.n	8000f6e <UART_SetConfig+0x82>
 8000fba:	4b22      	ldr	r3, [pc, #136]	@ (8001044 <UART_SetConfig+0x158>)
 8000fbc:	429a      	cmp	r2, r3
 8000fbe:	d1d7      	bne.n	8000f70 <UART_SetConfig+0x84>
 8000fc0:	f503 33e0 	add.w	r3, r3, #114688	@ 0x1c000
 8000fc4:	6b1b      	ldr	r3, [r3, #48]	@ 0x30
 8000fc6:	f403 0340 	and.w	r3, r3, #12582912	@ 0xc00000
 8000fca:	f5b3 0f00 	cmp.w	r3, #8388608	@ 0x800000
 8000fce:	d015      	beq.n	8000ffc <UART_SetConfig+0x110>
 8000fd0:	d9b6      	bls.n	8000f40 <UART_SetConfig+0x54>
 8000fd2:	f5b3 0f40 	cmp.w	r3, #12582912	@ 0xc00000
 8000fd6:	e7ca      	b.n	8000f6e <UART_SetConfig+0x82>
        usartdiv = (uint16_t)(UART_DIV_SAMPLING8(HAL_RCC_GetPCLK1Freq(), huart->Init.BaudRate));
 8000fd8:	f503 0361 	add.w	r3, r3, #14745600	@ 0xe10000
 8000fdc:	e01f      	b.n	800101e <UART_SetConfig+0x132>
        break;
      case UART_CLOCKSOURCE_SYSCLK:
        huart->Instance->BRR = (uint16_t)(UART_DIV_SAMPLING16(HAL_RCC_GetSysClockFreq(), huart->Init.BaudRate));
        break;
      case UART_CLOCKSOURCE_LSE:
        huart->Instance->BRR = (uint16_t)(UART_DIV_SAMPLING16(LSE_VALUE, huart->Init.BaudRate));
 8000fde:	084b      	lsrs	r3, r1, #1
 8000fe0:	f503 4300 	add.w	r3, r3, #32768	@ 0x8000
        huart->Instance->BRR = (uint16_t)(UART_DIV_SAMPLING16(HAL_RCC_GetPCLK2Freq(), huart->Init.BaudRate));
 8000fe4:	fbb3 f3f1 	udiv	r3, r3, r1
 8000fe8:	b29b      	uxth	r3, r3
 8000fea:	60d3      	str	r3, [r2, #12]
  HAL_StatusTypeDef ret               = HAL_OK;
 8000fec:	2000      	movs	r0, #0
        ret = HAL_ERROR;
        break;
    }
  }

  return ret;
 8000fee:	e020      	b.n	8001032 <UART_SetConfig+0x146>
        huart->Instance->BRR = (uint16_t)(UART_DIV_SAMPLING16(HSI_VALUE, huart->Init.BaudRate));
 8000ff0:	084b      	lsrs	r3, r1, #1
 8000ff2:	f503 0374 	add.w	r3, r3, #15990784	@ 0xf40000
 8000ff6:	f503 5310 	add.w	r3, r3, #9216	@ 0x2400
 8000ffa:	e7f3      	b.n	8000fe4 <UART_SetConfig+0xf8>
  if (huart->Init.OverSampling == UART_OVERSAMPLING_8)
 8000ffc:	f5b1 4f00 	cmp.w	r1, #32768	@ 0x8000
 8001000:	6841      	ldr	r1, [r0, #4]
 8001002:	d1ec      	bne.n	8000fde <UART_SetConfig+0xf2>
        usartdiv = (uint16_t)(UART_DIV_SAMPLING8(LSE_VALUE, huart->Init.BaudRate));
 8001004:	084b      	lsrs	r3, r1, #1
 8001006:	f503 3380 	add.w	r3, r3, #65536	@ 0x10000
 800100a:	e008      	b.n	800101e <UART_SetConfig+0x132>
  if (huart->Init.OverSampling == UART_OVERSAMPLING_8)
 800100c:	f5b1 4f00 	cmp.w	r1, #32768	@ 0x8000
 8001010:	6841      	ldr	r1, [r0, #4]
 8001012:	d1ed      	bne.n	8000ff0 <UART_SetConfig+0x104>
        usartdiv = (uint16_t)(UART_DIV_SAMPLING8(HSI_VALUE, huart->Init.BaudRate));
 8001014:	084b      	lsrs	r3, r1, #1
 8001016:	f103 73f4 	add.w	r3, r3, #31981568	@ 0x1e80000
 800101a:	f503 4390 	add.w	r3, r3, #18432	@ 0x4800
        usartdiv = (uint16_t)(UART_DIV_SAMPLING8(HAL_RCC_GetPCLK1Freq(), huart->Init.BaudRate));
 800101e:	fbb3 f3f1 	udiv	r3, r3, r1
  HAL_StatusTypeDef ret               = HAL_OK;
 8001022:	2000      	movs	r0, #0
        usartdiv = (uint16_t)(UART_DIV_SAMPLING8(HAL_RCC_GetPCLK1Freq(), huart->Init.BaudRate));
 8001024:	b29b      	uxth	r3, r3
    brrtemp = usartdiv & 0xFFF0U;
 8001026:	f023 010f 	bic.w	r1, r3, #15
    brrtemp |= (uint16_t)((usartdiv & (uint16_t)0x000FU) >> 1U);
 800102a:	f3c3 0342 	ubfx	r3, r3, #1, #3
    huart->Instance->BRR = brrtemp;
 800102e:	430b      	orrs	r3, r1
 8001030:	60d3      	str	r3, [r2, #12]

}
 8001032:	bd30      	pop	{r4, r5, pc}
 8001034:	40013800 	.word	0x40013800
 8001038:	40004400 	.word	0x40004400
 800103c:	40004800 	.word	0x40004800
 8001040:	40004c00 	.word	0x40004c00
 8001044:	40005000 	.word	0x40005000

08001048 <UART_WaitOnFlagUntilTimeout>:
  * @param  Tickstart Tick start value
  * @param  Timeout Timeout duration
  * @retval HAL status
  */
HAL_StatusTypeDef UART_WaitOnFlagUntilTimeout(UART_HandleTypeDef *huart, uint32_t Flag, FlagStatus Status, uint32_t Tickstart, uint32_t Timeout)
{
 8001048:	e92d 41f0 	stmdb	sp!, {r4, r5, r6, r7, r8, lr}
 800104c:	f8dd 8018 	ldr.w	r8, [sp, #24]
 8001050:	4604      	mov	r4, r0
 8001052:	4616      	mov	r6, r2
 8001054:	461f      	mov	r7, r3
  /* Wait until flag is set */
  while((__HAL_UART_GET_FLAG(huart, Flag) ? SET : RESET) == Status)
 8001056:	6825      	ldr	r5, [r4, #0]
 8001058:	69eb      	ldr	r3, [r5, #28]
 800105a:	ea31 0303 	bics.w	r3, r1, r3
 800105e:	bf0c      	ite	eq
 8001060:	2301      	moveq	r3, #1
 8001062:	2300      	movne	r3, #0
 8001064:	42b3      	cmp	r3, r6
 8001066:	d001      	beq.n	800106c <UART_WaitOnFlagUntilTimeout+0x24>
        __HAL_UNLOCK(huart);
        return HAL_TIMEOUT;
      }
    }
  }
  return HAL_OK;
 8001068:	2000      	movs	r0, #0
 800106a:	e016      	b.n	800109a <UART_WaitOnFlagUntilTimeout+0x52>
    if(Timeout != HAL_MAX_DELAY)
 800106c:	f1b8 3fff 	cmp.w	r8, #4294967295	@ 0xffffffff
 8001070:	d0f2      	beq.n	8001058 <UART_WaitOnFlagUntilTimeout+0x10>
      if((Timeout == 0U) || ((HAL_GetTick()-Tickstart) > Timeout))
 8001072:	f1b8 0f00 	cmp.w	r8, #0
 8001076:	d112      	bne.n	800109e <UART_WaitOnFlagUntilTimeout+0x56>
        CLEAR_BIT(huart->Instance->CR1, (USART_CR1_RXNEIE | USART_CR1_PEIE | USART_CR1_TXEIE));
 8001078:	682b      	ldr	r3, [r5, #0]
 800107a:	f423 73d0 	bic.w	r3, r3, #416	@ 0x1a0
 800107e:	602b      	str	r3, [r5, #0]
        CLEAR_BIT(huart->Instance->CR3, USART_CR3_EIE);
 8001080:	68ab      	ldr	r3, [r5, #8]
 8001082:	f023 0301 	bic.w	r3, r3, #1
 8001086:	60ab      	str	r3, [r5, #8]
        huart->gState  = HAL_UART_STATE_READY;
 8001088:	2320      	movs	r3, #32
 800108a:	f884 3069 	strb.w	r3, [r4, #105]	@ 0x69
        huart->RxState = HAL_UART_STATE_READY;
 800108e:	f884 306a 	strb.w	r3, [r4, #106]	@ 0x6a
        __HAL_UNLOCK(huart);
 8001092:	2300      	movs	r3, #0
 8001094:	f884 3068 	strb.w	r3, [r4, #104]	@ 0x68
        return HAL_TIMEOUT;
 8001098:	2003      	movs	r0, #3
}
 800109a:	e8bd 81f0 	ldmia.w	sp!, {r4, r5, r6, r7, r8, pc}
      if((Timeout == 0U) || ((HAL_GetTick()-Tickstart) > Timeout))
 800109e:	f7ff fb73 	bl	8000788 <HAL_GetTick>
 80010a2:	1bc0      	subs	r0, r0, r7
 80010a4:	4540      	cmp	r0, r8
 80010a6:	d9d6      	bls.n	8001056 <UART_WaitOnFlagUntilTimeout+0xe>
 80010a8:	e7e6      	b.n	8001078 <UART_WaitOnFlagUntilTimeout+0x30>

080010aa <UART_CheckIdleState>:
{
 80010aa:	b573      	push	{r0, r1, r4, r5, r6, lr}
 80010ac:	4604      	mov	r4, r0
  huart->ErrorCode = HAL_UART_ERROR_NONE;
 80010ae:	2100      	movs	r1, #0
 80010b0:	66c1      	str	r1, [r0, #108]	@ 0x6c
  tickstart = HAL_GetTick();
 80010b2:	f7ff fb69 	bl	8000788 <HAL_GetTick>
  if((huart->Instance->CR1 & USART_CR1_TE) == USART_CR1_TE)
 80010b6:	6826      	ldr	r6, [r4, #0]
 80010b8:	6833      	ldr	r3, [r6, #0]
 80010ba:	071a      	lsls	r2, r3, #28
  tickstart = HAL_GetTick();
 80010bc:	4605      	mov	r5, r0
  if((huart->Instance->CR1 & USART_CR1_TE) == USART_CR1_TE)
 80010be:	d416      	bmi.n	80010ee <UART_CheckIdleState+0x44>
  if((huart->Instance->CR1 & USART_CR1_RE) == USART_CR1_RE)
 80010c0:	6833      	ldr	r3, [r6, #0]
 80010c2:	075b      	lsls	r3, r3, #29
 80010c4:	d50a      	bpl.n	80010dc <UART_CheckIdleState+0x32>
    if(UART_WaitOnFlagUntilTimeout(huart, USART_ISR_REACK, RESET, tickstart, HAL_UART_TIMEOUT_VALUE) != HAL_OK)
 80010c6:	f06f 437e 	mvn.w	r3, #4261412864	@ 0xfe000000
 80010ca:	9300      	str	r3, [sp, #0]
 80010cc:	2200      	movs	r2, #0
 80010ce:	462b      	mov	r3, r5
 80010d0:	f44f 0180 	mov.w	r1, #4194304	@ 0x400000
 80010d4:	4620      	mov	r0, r4
 80010d6:	f7ff ffb7 	bl	8001048 <UART_WaitOnFlagUntilTimeout>
 80010da:	b9a0      	cbnz	r0, 8001106 <UART_CheckIdleState+0x5c>
  huart->gState  = HAL_UART_STATE_READY;
 80010dc:	2320      	movs	r3, #32
  __HAL_UNLOCK(huart);
 80010de:	2000      	movs	r0, #0
  huart->gState  = HAL_UART_STATE_READY;
 80010e0:	f884 3069 	strb.w	r3, [r4, #105]	@ 0x69
  __HAL_UNLOCK(huart);
 80010e4:	f884 0068 	strb.w	r0, [r4, #104]	@ 0x68
  huart->RxState = HAL_UART_STATE_READY;
 80010e8:	f884 306a 	strb.w	r3, [r4, #106]	@ 0x6a
  return HAL_OK;
 80010ec:	e00c      	b.n	8001108 <UART_CheckIdleState+0x5e>
    if(UART_WaitOnFlagUntilTimeout(huart, USART_ISR_TEACK, RESET, tickstart, HAL_UART_TIMEOUT_VALUE) != HAL_OK)
 80010ee:	f06f 437e 	mvn.w	r3, #4261412864	@ 0xfe000000
 80010f2:	9300      	str	r3, [sp, #0]
 80010f4:	460a      	mov	r2, r1
 80010f6:	4603      	mov	r3, r0
 80010f8:	f44f 1100 	mov.w	r1, #2097152	@ 0x200000
 80010fc:	4620      	mov	r0, r4
 80010fe:	f7ff ffa3 	bl	8001048 <UART_WaitOnFlagUntilTimeout>
 8001102:	2800      	cmp	r0, #0
 8001104:	d0dc      	beq.n	80010c0 <UART_CheckIdleState+0x16>
      return HAL_TIMEOUT;
 8001106:	2003      	movs	r0, #3
}
 8001108:	b002      	add	sp, #8
 800110a:	bd70      	pop	{r4, r5, r6, pc}

0800110c <HAL_UART_Init>:
{
 800110c:	b538      	push	{r3, r4, r5, lr}
  if(huart == NULL)
 800110e:	4604      	mov	r4, r0
 8001110:	b320      	cbz	r0, 800115c <HAL_UART_Init+0x50>
  if(huart->gState == HAL_UART_STATE_RESET)
 8001112:	f890 3069 	ldrb.w	r3, [r0, #105]	@ 0x69
 8001116:	f003 02ff 	and.w	r2, r3, #255	@ 0xff
 800111a:	b90b      	cbnz	r3, 8001120 <HAL_UART_Init+0x14>
    huart->Lock = HAL_UNLOCKED;
 800111c:	f880 2068 	strb.w	r2, [r0, #104]	@ 0x68
  __HAL_UART_DISABLE(huart);
 8001120:	6825      	ldr	r5, [r4, #0]
  huart->gState = HAL_UART_STATE_BUSY;
 8001122:	2324      	movs	r3, #36	@ 0x24
 8001124:	f884 3069 	strb.w	r3, [r4, #105]	@ 0x69
  __HAL_UART_DISABLE(huart);
 8001128:	682b      	ldr	r3, [r5, #0]
 800112a:	f023 0301 	bic.w	r3, r3, #1
 800112e:	602b      	str	r3, [r5, #0]
  if (UART_SetConfig(huart) == HAL_ERROR)
 8001130:	4620      	mov	r0, r4
 8001132:	f7ff fedb 	bl	8000eec <UART_SetConfig>
 8001136:	2801      	cmp	r0, #1
 8001138:	d010      	beq.n	800115c <HAL_UART_Init+0x50>
  CLEAR_BIT(huart->Instance->CR2, (USART_CR2_LINEN | USART_CR2_CLKEN));
 800113a:	686b      	ldr	r3, [r5, #4]
 800113c:	f423 4390 	bic.w	r3, r3, #18432	@ 0x4800
 8001140:	606b      	str	r3, [r5, #4]
  CLEAR_BIT(huart->Instance->CR3, (USART_CR3_SCEN | USART_CR3_HDSEL | USART_CR3_IREN));
 8001142:	68ab      	ldr	r3, [r5, #8]
 8001144:	f023 032a 	bic.w	r3, r3, #42	@ 0x2a
 8001148:	60ab      	str	r3, [r5, #8]
  __HAL_UART_ENABLE(huart);
 800114a:	682b      	ldr	r3, [r5, #0]
 800114c:	f043 0301 	orr.w	r3, r3, #1
 8001150:	602b      	str	r3, [r5, #0]
  return UART_CheckIdleState(huart);
 8001152:	4620      	mov	r0, r4
}
 8001154:	e8bd 4038 	ldmia.w	sp!, {r3, r4, r5, lr}
  return UART_CheckIdleState(huart);
 8001158:	f7ff bfa7 	b.w	80010aa <UART_CheckIdleState>
}
 800115c:	2001      	movs	r0, #1
 800115e:	bd38      	pop	{r3, r4, r5, pc}

08001160 <HAL_UART_Transmit>:
  * @param Size: Amount of data to be sent.
  * @param Timeout: Timeout duration.
  * @retval HAL status
  */
HAL_StatusTypeDef HAL_UART_Transmit(UART_HandleTypeDef *huart, uint8_t *pData, uint16_t Size, uint32_t Timeout)
{
 8001160:	b5f7      	push	{r0, r1, r2, r4, r5, r6, r7, lr}
 8001162:	461e      	mov	r6, r3
  uint16_t* tmp;
  uint32_t tickstart = 0U;

  /* Check that a Tx process is not already ongoing */
  if(huart->gState == HAL_UART_STATE_READY)
 8001164:	f890 3069 	ldrb.w	r3, [r0, #105]	@ 0x69
 8001168:	2b20      	cmp	r3, #32
{
 800116a:	460d      	mov	r5, r1
 800116c:	4604      	mov	r4, r0
 800116e:	4611      	mov	r1, r2
  if(huart->gState == HAL_UART_STATE_READY)
 8001170:	d14a      	bne.n	8001208 <HAL_UART_Transmit+0xa8>
  {
    if((pData == NULL ) || (Size == 0U))
 8001172:	2d00      	cmp	r5, #0
 8001174:	d046      	beq.n	8001204 <HAL_UART_Transmit+0xa4>
 8001176:	2a00      	cmp	r2, #0
 8001178:	d044      	beq.n	8001204 <HAL_UART_Transmit+0xa4>
    {
      return  HAL_ERROR;
    }

    /* Process Locked */
    __HAL_LOCK(huart);
 800117a:	f890 3068 	ldrb.w	r3, [r0, #104]	@ 0x68
 800117e:	2b01      	cmp	r3, #1
 8001180:	d042      	beq.n	8001208 <HAL_UART_Transmit+0xa8>
 8001182:	2301      	movs	r3, #1
 8001184:	f880 3068 	strb.w	r3, [r0, #104]	@ 0x68

    huart->ErrorCode = HAL_UART_ERROR_NONE;
 8001188:	2300      	movs	r3, #0
 800118a:	66c3      	str	r3, [r0, #108]	@ 0x6c
    huart->gState = HAL_UART_STATE_BUSY_TX;
 800118c:	2321      	movs	r3, #33	@ 0x21
 800118e:	f880 3069 	strb.w	r3, [r0, #105]	@ 0x69

    /* Init tickstart for timeout managment*/
    tickstart = HAL_GetTick();
 8001192:	f7ff faf9 	bl	8000788 <HAL_GetTick>

    huart->TxXferSize = Size;
 8001196:	f8a4 1050 	strh.w	r1, [r4, #80]	@ 0x50
    tickstart = HAL_GetTick();
 800119a:	4607      	mov	r7, r0
    huart->TxXferCount = Size;
 800119c:	f8a4 1052 	strh.w	r1, [r4, #82]	@ 0x52
    while(huart->TxXferCount > 0U)
 80011a0:	f8b4 2052 	ldrh.w	r2, [r4, #82]	@ 0x52
 80011a4:	b292      	uxth	r2, r2
 80011a6:	b962      	cbnz	r2, 80011c2 <HAL_UART_Transmit+0x62>
      else
      {
        huart->Instance->TDR = (*pData++ & (uint8_t)0xFFU);
      }
    }
    if(UART_WaitOnFlagUntilTimeout(huart, UART_FLAG_TC, RESET, tickstart, Timeout) != HAL_OK)
 80011a8:	9600      	str	r6, [sp, #0]
 80011aa:	463b      	mov	r3, r7
 80011ac:	2140      	movs	r1, #64	@ 0x40
 80011ae:	4620      	mov	r0, r4
 80011b0:	f7ff ff4a 	bl	8001048 <UART_WaitOnFlagUntilTimeout>
 80011b4:	b998      	cbnz	r0, 80011de <HAL_UART_Transmit+0x7e>
    {
      return HAL_TIMEOUT;
    }

    /* At end of Tx process, restore huart->gState to Ready */
    huart->gState = HAL_UART_STATE_READY;
 80011b6:	2320      	movs	r3, #32
 80011b8:	f884 3069 	strb.w	r3, [r4, #105]	@ 0x69

    /* Process Unlocked */
    __HAL_UNLOCK(huart);
 80011bc:	f884 0068 	strb.w	r0, [r4, #104]	@ 0x68

    return HAL_OK;
 80011c0:	e00e      	b.n	80011e0 <HAL_UART_Transmit+0x80>
      huart->TxXferCount--;
 80011c2:	f8b4 2052 	ldrh.w	r2, [r4, #82]	@ 0x52
 80011c6:	3a01      	subs	r2, #1
 80011c8:	b292      	uxth	r2, r2
 80011ca:	f8a4 2052 	strh.w	r2, [r4, #82]	@ 0x52
      if(UART_WaitOnFlagUntilTimeout(huart, UART_FLAG_TXE, RESET, tickstart, Timeout) != HAL_OK)
 80011ce:	463b      	mov	r3, r7
 80011d0:	9600      	str	r6, [sp, #0]
 80011d2:	2200      	movs	r2, #0
 80011d4:	2180      	movs	r1, #128	@ 0x80
 80011d6:	4620      	mov	r0, r4
 80011d8:	f7ff ff36 	bl	8001048 <UART_WaitOnFlagUntilTimeout>
 80011dc:	b110      	cbz	r0, 80011e4 <HAL_UART_Transmit+0x84>
        return HAL_TIMEOUT;
 80011de:	2003      	movs	r0, #3
  }
  else
  {
    return HAL_BUSY;
  }
}
 80011e0:	b003      	add	sp, #12
 80011e2:	bdf0      	pop	{r4, r5, r6, r7, pc}
      if ((huart->Init.WordLength == UART_WORDLENGTH_9B) && (huart->Init.Parity == UART_PARITY_NONE))
 80011e4:	68a3      	ldr	r3, [r4, #8]
        huart->Instance->TDR = (*tmp & (uint16_t)0x01FFU);
 80011e6:	6822      	ldr	r2, [r4, #0]
      if ((huart->Init.WordLength == UART_WORDLENGTH_9B) && (huart->Init.Parity == UART_PARITY_NONE))
 80011e8:	f5b3 5f80 	cmp.w	r3, #4096	@ 0x1000
 80011ec:	d107      	bne.n	80011fe <HAL_UART_Transmit+0x9e>
 80011ee:	6923      	ldr	r3, [r4, #16]
 80011f0:	b92b      	cbnz	r3, 80011fe <HAL_UART_Transmit+0x9e>
        huart->Instance->TDR = (*tmp & (uint16_t)0x01FFU);
 80011f2:	f835 3b02 	ldrh.w	r3, [r5], #2
 80011f6:	f3c3 0308 	ubfx	r3, r3, #0, #9
        huart->Instance->TDR = (*pData++ & (uint8_t)0xFFU);
 80011fa:	8513      	strh	r3, [r2, #40]	@ 0x28
 80011fc:	e7d0      	b.n	80011a0 <HAL_UART_Transmit+0x40>
 80011fe:	f815 3b01 	ldrb.w	r3, [r5], #1
 8001202:	e7fa      	b.n	80011fa <HAL_UART_Transmit+0x9a>
      return  HAL_ERROR;
 8001204:	2001      	movs	r0, #1
 8001206:	e7eb      	b.n	80011e0 <HAL_UART_Transmit+0x80>
    __HAL_LOCK(huart);
 8001208:	2002      	movs	r0, #2
 800120a:	e7e9      	b.n	80011e0 <HAL_UART_Transmit+0x80>

0800120c <HAL_UART_Receive>:
  * @param Size: amount of data to be received.
  * @param Timeout: Timeout duration.
  * @retval HAL status
  */
HAL_StatusTypeDef HAL_UART_Receive(UART_HandleTypeDef *huart, uint8_t *pData, uint16_t Size, uint32_t Timeout)
{
 800120c:	e92d 41f3 	stmdb	sp!, {r0, r1, r4, r5, r6, r7, r8, lr}
 8001210:	461e      	mov	r6, r3
  uint16_t* tmp;
  uint16_t uhMask;
  uint32_t tickstart = 0U;

  /* Check that a Rx process is not already ongoing */
  if(huart->RxState == HAL_UART_STATE_READY)
 8001212:	f890 306a 	ldrb.w	r3, [r0, #106]	@ 0x6a
 8001216:	2b20      	cmp	r3, #32
{
 8001218:	460d      	mov	r5, r1
 800121a:	4604      	mov	r4, r0
 800121c:	4611      	mov	r1, r2
  if(huart->RxState == HAL_UART_STATE_READY)
 800121e:	d15c      	bne.n	80012da <HAL_UART_Receive+0xce>
  {
    if((pData == NULL ) || (Size == 0U))
 8001220:	2d00      	cmp	r5, #0
 8001222:	d058      	beq.n	80012d6 <HAL_UART_Receive+0xca>
 8001224:	2a00      	cmp	r2, #0
 8001226:	d056      	beq.n	80012d6 <HAL_UART_Receive+0xca>
    {
      return  HAL_ERROR;
    }

    /* Process Locked */
    __HAL_LOCK(huart);
 8001228:	f890 3068 	ldrb.w	r3, [r0, #104]	@ 0x68
 800122c:	2b01      	cmp	r3, #1
 800122e:	d054      	beq.n	80012da <HAL_UART_Receive+0xce>
 8001230:	2301      	movs	r3, #1
 8001232:	f880 3068 	strb.w	r3, [r0, #104]	@ 0x68

    huart->Instance->ICR = 0xFFFFFFFF;
 8001236:	6803      	ldr	r3, [r0, #0]
 8001238:	f04f 32ff 	mov.w	r2, #4294967295	@ 0xffffffff
 800123c:	621a      	str	r2, [r3, #32]
    huart->ErrorCode = HAL_UART_ERROR_NONE;
 800123e:	2300      	movs	r3, #0
 8001240:	66c3      	str	r3, [r0, #108]	@ 0x6c
    huart->RxState = HAL_UART_STATE_BUSY_RX;
 8001242:	2322      	movs	r3, #34	@ 0x22
 8001244:	f880 306a 	strb.w	r3, [r0, #106]	@ 0x6a

    /* Init tickstart for timeout managment*/
    tickstart = HAL_GetTick();
 8001248:	f7ff fa9e 	bl	8000788 <HAL_GetTick>

    huart->RxXferSize = Size;
    huart->RxXferCount = Size;

    /* Computation of UART mask to apply to RDR register */
    UART_MASK_COMPUTATION(huart);
 800124c:	68a3      	ldr	r3, [r4, #8]
    huart->RxXferSize = Size;
 800124e:	f8a4 1058 	strh.w	r1, [r4, #88]	@ 0x58
    UART_MASK_COMPUTATION(huart);
 8001252:	f5b3 5f80 	cmp.w	r3, #4096	@ 0x1000
    tickstart = HAL_GetTick();
 8001256:	4680      	mov	r8, r0
    huart->RxXferCount = Size;
 8001258:	f8a4 105a 	strh.w	r1, [r4, #90]	@ 0x5a
    UART_MASK_COMPUTATION(huart);
 800125c:	d115      	bne.n	800128a <HAL_UART_Receive+0x7e>
 800125e:	6923      	ldr	r3, [r4, #16]
 8001260:	b98b      	cbnz	r3, 8001286 <HAL_UART_Receive+0x7a>
 8001262:	f240 13ff 	movw	r3, #511	@ 0x1ff
 8001266:	f8a4 305c 	strh.w	r3, [r4, #92]	@ 0x5c
    uhMask = huart->Mask;
 800126a:	f8b4 705c 	ldrh.w	r7, [r4, #92]	@ 0x5c

    /* as long as data have to be received */
    while(huart->RxXferCount > 0U)
 800126e:	f8b4 005a 	ldrh.w	r0, [r4, #90]	@ 0x5a
 8001272:	b280      	uxth	r0, r0
 8001274:	b980      	cbnz	r0, 8001298 <HAL_UART_Receive+0x8c>
        *pData++ = (uint8_t)(huart->Instance->RDR & (uint8_t)uhMask);
      }
    }

    /* At end of Rx process, restore huart->RxState to Ready */
    huart->RxState = HAL_UART_STATE_READY;
 8001276:	2320      	movs	r3, #32
 8001278:	f884 306a 	strb.w	r3, [r4, #106]	@ 0x6a

    /* Process Unlocked */
    __HAL_UNLOCK(huart);
 800127c:	f884 0068 	strb.w	r0, [r4, #104]	@ 0x68
  }
  else
  {
    return HAL_BUSY;
  }
}
 8001280:	b002      	add	sp, #8
 8001282:	e8bd 81f0 	ldmia.w	sp!, {r4, r5, r6, r7, r8, pc}
    UART_MASK_COMPUTATION(huart);
 8001286:	23ff      	movs	r3, #255	@ 0xff
 8001288:	e7ed      	b.n	8001266 <HAL_UART_Receive+0x5a>
 800128a:	2b00      	cmp	r3, #0
 800128c:	d1ed      	bne.n	800126a <HAL_UART_Receive+0x5e>
 800128e:	6923      	ldr	r3, [r4, #16]
 8001290:	2b00      	cmp	r3, #0
 8001292:	d0f8      	beq.n	8001286 <HAL_UART_Receive+0x7a>
 8001294:	237f      	movs	r3, #127	@ 0x7f
 8001296:	e7e6      	b.n	8001266 <HAL_UART_Receive+0x5a>
      huart->RxXferCount--;
 8001298:	f8b4 205a 	ldrh.w	r2, [r4, #90]	@ 0x5a
 800129c:	3a01      	subs	r2, #1
 800129e:	b292      	uxth	r2, r2
 80012a0:	f8a4 205a 	strh.w	r2, [r4, #90]	@ 0x5a
      if(UART_WaitOnFlagUntilTimeout(huart, UART_FLAG_RXNE, RESET, tickstart, Timeout) != HAL_OK)
 80012a4:	4643      	mov	r3, r8
 80012a6:	9600      	str	r6, [sp, #0]
 80012a8:	2200      	movs	r2, #0
 80012aa:	2120      	movs	r1, #32
 80012ac:	4620      	mov	r0, r4
 80012ae:	f7ff fecb 	bl	8001048 <UART_WaitOnFlagUntilTimeout>
 80012b2:	b9a0      	cbnz	r0, 80012de <HAL_UART_Receive+0xd2>
      if ((huart->Init.WordLength == UART_WORDLENGTH_9B) && (huart->Init.Parity == UART_PARITY_NONE))
 80012b4:	68a2      	ldr	r2, [r4, #8]
        *tmp = (uint16_t)(huart->Instance->RDR & uhMask);
 80012b6:	6823      	ldr	r3, [r4, #0]
      if ((huart->Init.WordLength == UART_WORDLENGTH_9B) && (huart->Init.Parity == UART_PARITY_NONE))
 80012b8:	f5b2 5f80 	cmp.w	r2, #4096	@ 0x1000
 80012bc:	d106      	bne.n	80012cc <HAL_UART_Receive+0xc0>
 80012be:	6922      	ldr	r2, [r4, #16]
 80012c0:	b922      	cbnz	r2, 80012cc <HAL_UART_Receive+0xc0>
        *tmp = (uint16_t)(huart->Instance->RDR & uhMask);
 80012c2:	8c9b      	ldrh	r3, [r3, #36]	@ 0x24
 80012c4:	403b      	ands	r3, r7
 80012c6:	f825 3b02 	strh.w	r3, [r5], #2
        pData +=2U;
 80012ca:	e7d0      	b.n	800126e <HAL_UART_Receive+0x62>
        *pData++ = (uint8_t)(huart->Instance->RDR & (uint8_t)uhMask);
 80012cc:	8c9b      	ldrh	r3, [r3, #36]	@ 0x24
 80012ce:	403b      	ands	r3, r7
 80012d0:	f805 3b01 	strb.w	r3, [r5], #1
 80012d4:	e7cb      	b.n	800126e <HAL_UART_Receive+0x62>
      return  HAL_ERROR;
 80012d6:	2001      	movs	r0, #1
 80012d8:	e7d2      	b.n	8001280 <HAL_UART_Receive+0x74>
    __HAL_LOCK(huart);
 80012da:	2002      	movs	r0, #2
 80012dc:	e7d0      	b.n	8001280 <HAL_UART_Receive+0x74>
        return HAL_TIMEOUT;
 80012de:	2003      	movs	r0, #3
 80012e0:	e7ce      	b.n	8001280 <HAL_UART_Receive+0x74>
 80012e2:	0000      	movs	r0, r0

080012e4 <Reset_Handler>:
 80012e4:	2100      	movs	r1, #0
 80012e6:	e003      	b.n	80012f0 <LoopCopyDataInit>

080012e8 <CopyDataInit>:
 80012e8:	4b0b      	ldr	r3, [pc, #44]	@ (8001318 <LoopForever+0x2>)
 80012ea:	585b      	ldr	r3, [r3, r1]
 80012ec:	5043      	str	r3, [r0, r1]
 80012ee:	3104      	adds	r1, #4

080012f0 <LoopCopyDataInit>:
 80012f0:	480a      	ldr	r0, [pc, #40]	@ (800131c <LoopForever+0x6>)
 80012f2:	4b0b      	ldr	r3, [pc, #44]	@ (8001320 <LoopForever+0xa>)
 80012f4:	1842      	adds	r2, r0, r1
 80012f6:	429a      	cmp	r2, r3
 80012f8:	d3f6      	bcc.n	80012e8 <CopyDataInit>
 80012fa:	4a0a      	ldr	r2, [pc, #40]	@ (8001324 <LoopForever+0xe>)
 80012fc:	e002      	b.n	8001304 <LoopFillZerobss>

080012fe <FillZerobss>:
 80012fe:	2300      	movs	r3, #0
 8001300:	6013      	str	r3, [r2, #0]
 8001302:	3204      	adds	r2, #4

08001304 <LoopFillZerobss>:
 8001304:	4b08      	ldr	r3, [pc, #32]	@ (8001328 <LoopForever+0x12>)
 8001306:	429a      	cmp	r2, r3
 8001308:	d3f9      	bcc.n	80012fe <FillZerobss>
 800130a:	f3af 8000 	nop.w
 800130e:	f7fe ff7f 	bl	8000210 <__libc_init_array>
 8001312:	f7ff f81b 	bl	800034c <main>

08001316 <LoopForever>:
 8001316:	e7fe      	b.n	8001316 <LoopForever>
 8001318:	08001360 	.word	0x08001360
 800131c:	20000000 	.word	0x20000000
 8001320:	20000000 	.word	0x20000000
 8001324:	20000000 	.word	0x20000000
 8001328:	20000298 	.word	0x20000298

0800132c <BusFault_Handler>:
 800132c:	e7fe      	b.n	800132c <BusFault_Handler>
 800132e:	0000      	movs	r0, r0

08001330 <_init>:
 8001330:	b5f8      	push	{r3, r4, r5, r6, r7, lr}
 8001332:	bf00      	nop
 8001334:	bcf8      	pop	{r3, r4, r5, r6, r7}
 8001336:	bc08      	pop	{r3}
 8001338:	469e      	mov	lr, r3
 800133a:	4770      	bx	lr

0800133c <_fini>:
 800133c:	b5f8      	push	{r3, r4, r5, r6, r7, lr}
 800133e:	bf00      	nop
 8001340:	bcf8      	pop	{r3, r4, r5, r6, r7}
 8001342:	bc08      	pop	{r3}
 8001344:	469e      	mov	lr, r3
 8001346:	4770      	bx	lr
